Date,Open,High,Low,Close,Volume
2011-05-31,34.82,34.82,32.54,32.54,366
2011-06-01,35.667,35.667,32.315,32.315,4047
2011-06-02,34.545,34.545,31.948,31.948,3030
2011-06-03,31.652,31.652,31.329,31.329,28
2011-06-06,31.339,31.339,31.112,31.138,121
2011-06-07,30.853,30.88,30.775,30.791,1791
2011-06-08,30.581,30.791,30.557,30.687,329
2011-06-09,30.727,31.348,30.589,31.348,787
2011-06-10,30.956,31,30.784,30.929,459
2011-06-13,30.476,30.887,30.476,30.784,921
2011-06-14,30.468,30.468,30.468,30.468,10
2011-06-15,31.121,31.253,31.06,31.06,1039
2011-06-16,31.339,31.593,31.339,31.593,350
2011-06-17,31.555,31.601,31.545,31.545,100
2011-06-20,31.417,31.514,31.375,31.514,215
2011-06-21,32.211,32.211,31.565,31.713,656
2011-06-22,31.706,31.706,31.706,31.706,41
2011-06-24,31.975,31.975,31.643,31.643,185
2011-06-27,31.775,31.775,31.775,31.775,56
2011-06-28,31.775,31.835,31.775,31.835,284
2011-06-29,31.931,32.278,31.931,32.113,116
2011-06-30,33.556,33.556,33.556,33.556,10
2011-07-01,32.095,32.201,31.869,32.201,929
2011-07-04,32.184,32.211,32.184,32.211,41
2011-07-05,32.227,32.252,32.227,32.252,2300
2011-07-06,32.47,32.594,32.47,32.594,103
2011-07-07,32.827,33.038,32.802,32.853,1241
2011-07-08,32.784,32.784,32.722,32.722,99
2011-07-11,33.211,33.253,33.211,33.253,78
2011-07-12,34.545,34.545,33.393,33.393,109
2011-07-13,33.586,33.586,33.586,33.586,5
2011-07-14,33.952,33.952,33.166,33.238,174
2011-07-15,33.045,33.081,33.045,33.081,37
2011-07-18,33.316,33.316,33.124,33.124,100
2011-07-19,33.081,33.081,33.081,33.081,161
2011-07-20,33.272,33.272,33.166,33.166,173
2011-07-21,33.297,33.297,33.124,33.124,187
2011-07-22,33.089,33.089,33.089,33.089,5
2011-07-25,33.062,33.062,33.062,33.062,15
2011-07-27,32.498,32.498,32.498,32.498,166
2011-07-29,32.307,32.307,32.175,32.175,121
2011-08-01,34.545,34.545,31.879,31.879,2513
2011-08-02,31.965,32.035,31.965,32.035,1025
2011-08-03,31.384,31.425,31.13,31.13,989
2011-08-04,31.356,31.356,31.356,31.356,30
2011-08-05,30.077,30.468,30.077,30.209,3205
2011-08-08,29.337,29.685,29.337,29.478,394
2011-08-09,28.658,29.33,28.484,29.33,1015
2011-08-10,29.745,29.745,29.075,29.251,778
2011-08-11,29.65,29.753,29.372,29.485,519
2011-08-12,30.295,30.589,30.19,30.304,1610
2011-08-16,30.468,30.468,30.468,30.468,10
2011-08-17,30.598,30.598,30.452,30.452,56
2011-08-18,30.216,30.24,29.685,29.685,376
2011-08-19,29.452,29.452,29.293,29.293,172
2011-08-22,29.224,29.284,29.224,29.284,119
2011-08-23,29.197,29.197,29.049,29.049,98
2011-08-24,29.65,29.65,29.65,29.65,30
2011-08-25,29.947,30.365,29.947,30.365,150
2011-08-30,30.757,30.757,30.757,30.757,27
2011-08-31,31.097,31.456,31.088,31.343,2677
2011-09-01,31.296,31.296,31.296,31.296,25
2011-09-02,30.788,30.831,30.788,30.822,1708
2011-09-05,30.476,30.476,30.476,30.476,195
2011-09-06,30.476,30.476,30.476,30.476,116
2011-09-09,32.54,32.731,32.54,32.643,470
2011-09-12,32.158,32.158,32.158,32.158,28
2011-09-13,32.419,32.419,32.419,32.419,1149
2011-09-14,33.124,33.149,33.116,33.149,130
2011-09-15,33.375,33.375,33.375,33.375,310
2011-09-16,33.636,33.636,33.586,33.586,319
2011-09-19,34.291,34.291,34.291,34.291,2
2011-09-20,34.125,34.421,34.125,34.421,16
2011-09-21,34.649,34.649,34.649,34.649,88
2011-09-22,33.514,33.523,33.514,33.514,121
2011-09-23,33.952,33.952,33.141,33.141,142
2011-09-28,34.098,34.098,33.819,34.055,108
2011-09-29,33.514,33.514,33.514,33.514,5
2011-09-30,33.634,33.634,33.476,33.476,30
2011-10-04,32.121,32.121,31.956,31.956,66
2011-10-06,33.341,33.393,33.341,33.393,64
2011-10-10,33.375,33.375,33.375,33.375,11
2011-10-11,33.803,33.803,33.785,33.785,919
2011-10-12,33.645,33.645,33.471,33.471,1149
2011-10-13,33.471,33.471,33.471,33.471,1
2011-10-19,34.339,34.339,34.339,34.339,6
2011-10-24,34.969,34.969,34.943,34.943,9
2011-10-27,34.812,34.812,34.752,34.752,308
2011-10-28,34.594,34.994,34.594,34.994,349
2011-10-31,35.055,35.135,35.055,35.135,25
2011-11-02,35.179,35.179,34.943,34.969,425
2011-11-03,34.992,35.249,34.992,35.071,1021
2011-11-04,35.213,35.213,35.204,35.204,946
2011-11-07,35.693,35.693,35.153,35.153,144
2011-11-08,35.51,35.693,35.429,35.429,966
2011-11-09,35.796,35.796,35.601,35.716,448
2011-11-10,35.644,35.644,35.644,35.644,50
2011-11-15,36.11,36.11,35.996,35.996,37
2011-11-16,36.564,36.564,36.388,36.476,241
2011-11-17,36.319,36.319,36.103,36.103,109
2011-11-18,35.654,35.724,35.356,35.514,217
2011-11-21,33.081,35.283,33.081,34.925,2464
2011-11-22,34.925,35.143,34.925,35.143,122
2011-11-23,34.734,34.734,34.734,34.734,56
2011-11-24,35.031,35.031,35.031,35.031,3
2011-11-25,35.62,35.62,35.62,35.62,3
2011-11-28,35.675,36.239,35.675,36.239,560
2011-11-29,36.234,36.343,36.185,36.343,252
2011-11-30,36.861,36.908,36.861,36.908,144
2011-12-01,37.11,37.11,37.081,37.081,352
2011-12-02,37.188,37.551,37.188,37.551,23
2011-12-05,37.295,37.295,37.234,37.234,287
2011-12-06,37.347,37.347,37.234,37.234,344
2011-12-09,37.392,37.392,37.392,37.392,790
2011-12-12,37.647,37.832,37.602,37.751,3467
2011-12-13,37.982,37.982,37.982,37.982,4
2011-12-14,40.106,40.106,38.291,38.291,81
2011-12-15,37.955,37.955,37.568,37.568,298
2011-12-16,37.69,37.69,37.574,37.574,59
2011-12-19,37.47,37.621,37.374,37.374,1317
2011-12-20,37.03,37.03,37.03,37.03,39
2011-12-21,37.719,37.719,37.647,37.647,35
2011-12-22,37.745,37.877,37.745,37.806,258
2011-12-23,38.157,38.157,38.157,38.157,40
2011-12-27,38.113,38.131,37.982,38.026,106
2011-12-28,38.352,38.352,37.902,37.902,186
2011-12-29,38.123,38.483,38.123,38.334,707
2011-12-30,38.412,38.794,38.412,38.794,526
2012-01-03,38.483,39.217,38.483,38.943,682
2012-01-04,39.057,39.446,38.943,39.314,1646
2012-01-05,39.656,39.904,39.656,39.859,870
2012-01-09,43.544,43.544,40.124,40.124,387
2012-01-10,40.425,40.425,40.203,40.203,544
2012-01-11,43.465,43.465,40.115,40.115,562
2012-01-12,40.425,40.425,39.588,39.588,707
2012-01-13,39.693,39.693,39.693,39.693,23
2012-01-16,40.089,40.089,39.877,39.877,311
2012-01-17,39.975,39.992,39.745,39.745,2571
2012-01-18,39.897,39.897,39.03,39.242,454
2012-01-19,39.473,39.473,39.173,39.294,534
2012-01-20,39.182,39.182,39.182,39.182,37
2012-01-23,38.74,38.969,38.326,38.326,3006
2012-01-24,38.794,38.794,38.627,38.705,43
2012-01-25,38.705,38.794,38.705,38.794,29
2012-01-26,38.342,38.342,38.22,38.22,162
2012-01-27,38.131,38.186,37.392,38.186,2170
2012-01-30,37.736,37.921,37.736,37.921,131
2012-01-31,37.925,37.925,37.568,37.799,406
2012-02-01,37.797,37.797,37.673,37.673,26
2012-02-02,37.602,37.832,37.543,37.736,2427
2012-02-03,37.814,37.912,37.814,37.912,341
2012-02-07,37.912,37.912,37.912,37.912,12
2012-02-08,39.673,39.673,37.806,37.912,511
2012-02-09,37.902,37.982,37.902,37.982,100
2012-02-10,38.195,38.342,37.823,38.342,159
2012-02-13,38.441,38.441,38.237,38.237,332
2012-02-14,38.176,38.211,38.017,38.017,298
2012-02-15,38.581,38.872,38.371,38.872,58696
2012-02-16,39.242,39.242,38.758,39.057,18992
2012-02-17,39.242,39.242,38.371,38.431,68095
2012-02-20,38.689,38.689,38.52,38.52,413
2012-02-21,38.529,38.529,38.503,38.503,9
2012-02-22,40.009,40.009,38.581,38.581,12
2012-02-23,38.581,38.581,38.141,38.141,129
2012-02-24,38.107,38.107,38,38,103
2012-02-27,38,38,37.664,37.77,237
2012-02-28,37.47,37.47,37.47,37.47,110
2012-02-29,37.47,37.745,37.461,37.461,87
2012-03-01,37.543,37.797,37.461,37.461,218
2012-03-02,37.736,37.955,37.736,37.955,200
2012-03-05,39.55,39.55,38.204,38.204,271
2012-03-06,38.035,38.157,37.99,37.99,175
2012-03-07,38,38.405,38,38.405,345
2012-03-08,38.529,38.529,37.814,37.814,223
2012-03-09,38,38,37.912,37.912,454
2012-03-13,38.651,38.651,38.651,38.651,10
2012-03-14,39.251,39.588,39.251,39.499,389
2012-03-15,39.409,39.763,39.409,39.763,36
2012-03-16,39.673,39.683,39.673,39.683,34
2012-03-19,40.115,40.115,39.279,39.279,37
2012-03-20,39.279,39.392,39.279,39.286,265
2012-03-21,39.286,39.286,39.286,39.286,20
2012-03-22,39.596,39.596,39.173,39.173,2263
2012-03-26,39.103,39.103,39.103,39.103,10
2012-03-27,39.419,39.419,39.409,39.409,40
2012-03-28,39.409,39.454,39.409,39.454,23
2012-03-29,39.26,39.26,39.26,39.26,201
2012-04-02,39.217,39.242,39.217,39.235,17043
2012-04-03,39.235,39.322,39.235,39.322,115
2012-04-04,39.409,39.673,39.409,39.673,119
2012-04-05,39.359,39.868,39.359,39.868,106
2012-04-10,40.071,40.071,39.428,39.569,165
2012-04-11,39.235,39.235,39.235,39.235,140
2012-04-12,38.794,39.304,38.794,39.235,239
2012-04-13,39.492,39.492,39.492,39.492,3
2012-04-16,39.349,39.711,39.349,39.711,57
2012-04-17,40.071,40.071,39.437,39.437,62
2012-04-18,39.648,39.648,39.648,39.648,36
2012-04-19,39.745,39.745,39.446,39.446,3460
2012-04-23,40.115,40.115,40.115,40.115,3425
2012-04-24,38.969,39.314,38.926,38.926,7949
2012-04-25,39.349,39.349,38.943,38.943,5815
2012-04-26,39.145,39.145,39.145,39.145,34
2012-04-27,39.826,39.826,39.721,39.763,62
2012-04-30,39.656,39.656,39.235,39.235,164
2012-05-02,39.648,39.904,39.648,39.904,15
2012-05-07,39.286,39.286,39.286,39.286,94
2012-05-08,39.286,39.286,39.094,39.094,164
2012-05-09,39.103,39.103,39.103,39.103,5
2012-05-10,39.826,39.826,39.826,39.826,2
2012-05-11,39.897,39.897,39.897,39.897,35
2012-05-14,40.337,40.337,39.922,40.161,334
2012-05-15,40.293,40.768,40.293,40.768,122
2012-05-16,40.91,40.91,40.663,40.91,600
2012-05-17,40.732,40.732,40.673,40.673,53
2012-05-18,40.203,40.203,40.064,40.064,79
2012-05-21,39.673,39.673,39.673,39.673,4
2012-05-22,39.913,40.195,39.913,40.195,78
2012-05-23,40.803,40.803,40.591,40.591,27
2012-05-24,40.654,41.048,40.654,41.048,24
2012-05-28,41.192,41.252,41.192,41.252,42
2012-05-29,41.43,41.43,41.43,41.43,47
2012-05-30,41.43,41.43,41.43,41.43,5
2012-05-31,41.454,41.78,41.454,41.78,454
2012-06-01,41.615,41.714,41.615,41.714,170
2012-06-04,41.714,41.714,41.714,41.714,1
2012-06-05,39.93,39.93,39.93,39.93,227
2012-06-06,41.438,41.438,40.115,40.115,322
2012-06-08,40.451,40.451,40.362,40.362,412
2012-06-11,41,41,41,41,250
2012-06-12,42.055,42.055,40.732,40.732,445
2012-06-13,41.2,41.2,41.157,41.157,186
2012-06-14,40.751,40.751,40.751,40.751,22
2012-06-15,40.6,40.6,40.6,40.6,28
2012-06-18,40.778,41.017,40.469,41.017,267
2012-06-19,41.017,41.017,40.98,40.98,186
2012-06-20,40.892,40.943,40.892,40.933,580
2012-06-21,40.943,40.943,40.663,40.663,390
2012-06-22,40.82,40.82,40.556,40.556,187
2012-06-25,42.225,42.225,40.469,40.469,288
2012-06-26,40.283,40.283,40.283,40.283,11
2012-06-27,40.186,40.556,40.186,40.504,137
2012-06-28,40.856,41.2,40.856,41.085,176
2012-06-29,40.824,40.824,40.354,40.7,197
2012-07-03,40.971,40.971,40.91,40.91,75
2012-07-05,43.159,43.159,41.262,42.038,133
2012-07-06,41.519,41.519,41.519,41.519,5
2012-07-09,42.029,42.029,42.029,42.029,58
2012-07-13,42.055,42.055,41.112,41.325,84
2012-07-16,41.472,41.472,41.472,41.472,193
2012-07-17,41.527,41.527,41.527,41.527,17
2012-07-18,41.094,41.598,41.094,41.578,306
2012-07-19,41.535,41.535,41.535,41.535,569
2012-07-20,41.438,41.625,41.438,41.501,235
2012-07-23,41.914,41.914,41.914,41.914,14
2012-07-24,41.57,41.57,41.57,41.57,19
2012-07-25,41.34,41.34,41.173,41.173,267
2012-07-26,40.803,40.803,40.469,40.469,264
2012-07-27,41.008,41.008,41.008,41.008,22
2012-07-30,41.262,41.262,41.262,41.262,20
2012-08-01,41.288,41.288,41.288,41.288,10
2012-08-02,41.173,41.173,41.173,41.173,22
2012-08-03,41.262,41.262,41.234,41.234,224
2012-08-06,40.926,40.926,40.926,40.926,194
2012-08-07,40.69,40.69,40.69,40.69,125
2012-08-09,41.077,41.535,41.017,41.535,161
2012-08-16,41.704,41.879,41.333,41.333,393
2012-08-17,41.598,41.598,41.598,41.598,55
2012-08-20,41.762,41.762,41.736,41.736,93
2012-08-21,41.438,41.438,41.217,41.217,199
2012-08-23,41.192,41.192,41.058,41.058,164
2012-08-24,40.732,40.732,40.732,40.732,16
2012-08-28,41,41,41,41,321
2012-08-29,41.262,41.615,41,41.615,106
2012-08-30,41.887,41.887,41.879,41.879,149
2012-08-31,41.881,41.881,41.863,41.863,275
2012-09-03,42.055,42.055,42.001,42.001,127
2012-09-04,41.879,41.879,41.676,41.836,26
2012-09-05,41.836,41.836,41.81,41.81,98
2012-09-06,41.871,41.871,41.731,41.731,28
2012-09-07,41.438,41.438,41.438,41.438,115
2012-09-11,41.112,41.227,40.583,40.583,348
2012-09-12,40.441,40.441,40.441,40.441,3380
2012-09-14,40.556,40.812,40.459,40.663,1614
2012-09-17,40.635,41,40.469,41,146
2012-09-19,41.438,41.482,41.438,41.482,126
2012-09-20,41.598,41.598,41.598,41.598,1362
2012-09-21,41.578,41.578,41.578,41.578,30
2012-09-24,41.694,41.941,41.598,41.941,145
2012-09-25,42.055,42.055,41.941,41.941,110
2012-09-27,41.438,41.438,41.438,41.438,111
2012-09-28,41.438,41.438,41.004,41.004,275
2012-10-02,41.217,41.217,40.874,40.874,355
2012-10-03,41.358,41.358,41.358,41.358,8
2012-10-04,41.2,41.2,41.13,41.13,50
2012-10-11,40.714,40.91,40.714,40.91,11
2012-10-15,40.238,40.238,40.238,40.238,115
2012-10-16,41.879,41.879,41.879,41.879,11
2012-10-22,42.32,42.32,40.064,40.459,2577
2012-10-25,40.53,40.61,40.53,40.61,56
2012-10-29,43.73,43.73,40.513,40.574,225
2012-10-30,40.238,43.739,40.238,43.739,64
2012-10-31,40.568,40.576,40.381,40.381,566
2012-11-02,40.803,40.803,40.803,40.803,21
2012-11-05,44.514,44.514,40.829,40.91,85
2012-11-06,41.067,41.085,41.067,41.085,62
2012-11-08,44.436,44.436,44.436,44.436,8
2012-11-09,40.556,40.714,40.045,40.714,1095
2012-11-12,42.009,42.009,40.644,40.644,89
2012-11-13,40.556,40.556,40.556,40.556,55
2012-11-14,40.293,40.293,40.293,40.293,837
2012-11-15,39.428,39.428,39.409,39.409,70
2012-11-16,39.78,39.78,39.721,39.721,530
2012-11-19,39.975,40.054,39.623,40.054,331
2012-11-20,40.203,40.221,40.089,40.143,203
2012-11-21,40.186,40.186,40.186,40.186,71
2012-11-22,40.115,40.115,40.115,40.115,147
2012-11-23,40.009,40.009,39.808,39.808,124
2012-11-26,40.293,40.293,39.632,39.632,378
2012-11-27,40.019,40.019,40.019,40.019,22
2012-11-28,39.851,39.851,39.817,39.817,82
2012-11-29,40.064,40.161,39.938,40.161,296
2012-11-30,39.938,40.294,39.938,40.152,861
2012-12-03,40.293,40.293,39.938,39.938,164
2012-12-04,39.956,39.956,39.938,39.938,41
2012-12-05,39.956,39.956,39.67,39.875,109
2012-12-06,39.805,39.974,39.805,39.974,20
2012-12-07,40.294,40.559,40.294,40.559,1559
2012-12-10,41.995,41.995,40.559,40.559,109
2012-12-11,40.381,40.381,40.152,40.152,25
2012-12-12,40.222,40.532,40.222,40.453,420
2012-12-13,40.372,40.372,40.372,40.372,20
2012-12-14,40.08,40.114,39.601,39.601,834
2012-12-17,39.619,39.619,39.619,39.619,164
2012-12-18,40.124,40.124,40.001,40.001,314
2012-12-19,38.688,40.035,38.688,40.035,275
2012-12-20,39.468,39.468,39.423,39.423,1690
2012-12-21,40.035,40.035,39.21,39.478,405
2012-12-27,39.176,39.246,39.042,39.087,512
2012-12-28,39.282,39.282,39.238,39.238,149
2013-01-02,40.817,40.817,39.725,40.248,3231
2013-01-03,40.817,41.118,40.7,41.118,339
2013-01-04,41.189,41.649,41.189,41.649,91
2013-01-07,41.705,41.705,41.705,41.705,137
2013-01-08,41.403,41.403,41.403,41.403,55
2013-01-10,41.17,41.17,40.817,40.817,86
2013-01-11,40.603,40.8,40.603,40.773,325
2013-01-14,41.705,41.705,40.93,40.93,22
2013-01-16,40.833,40.833,40.676,40.676,70
2013-01-17,42.59,42.59,40.906,40.906,40
2013-01-18,42.59,42.59,41.004,41.705,480
2013-01-21,41.792,41.989,41.51,41.989,451
2013-01-22,42.59,42.59,41.838,41.838,202
2013-01-23,41.714,41.981,41.714,41.981,170
2013-01-24,42.289,42.289,42.289,42.289,58
2013-01-25,42.326,42.326,41.944,41.944,254
2013-01-28,42.182,42.182,42.095,42.095,38
2013-01-30,42.122,42.122,42.122,42.122,1185
2013-01-31,41.686,41.686,41.686,41.686,20
2013-02-01,41.366,41.598,41.278,41.278,88
2013-02-04,41.278,41.658,41.278,41.43,74
2013-02-05,41.527,41.881,41.527,41.881,39
2013-02-06,42.172,42.172,41.881,41.881,28
2013-02-07,42.279,42.279,42.279,42.279,35
2013-02-11,42.147,42.547,42.147,42.502,57
2013-02-12,42.707,42.707,42.707,42.707,5
2013-02-13,42.53,42.53,42.53,42.53,5
2013-02-14,42.414,42.502,42.414,42.502,451
2013-02-15,43.389,43.389,42.662,43.052,496
2013-02-18,42.707,42.901,42.707,42.901,92
2013-02-19,39.929,42.947,39.929,42.947,140
2013-02-20,43.298,43.298,42.609,42.609,18
2013-02-21,43.062,43.062,43.018,43.018,93
2013-02-22,42.971,42.971,42.971,42.971,88
2013-02-25,43.036,43.036,42.821,42.821,156
2013-02-26,42.521,42.635,42.521,42.635,2656
2013-02-27,42.813,42.947,42.813,42.947,316
2013-02-28,42.353,43.298,42.353,43.298,251
2013-03-01,43.203,43.389,43.203,43.389,62
2013-03-04,43.355,43.355,43.355,43.355,28
2013-03-05,43.754,44.091,43.754,44.091,461
2013-03-06,44.363,44.363,44.152,44.152,130
2013-03-07,44.411,44.411,44.188,44.241,9080
2013-03-08,44.267,44.489,43.851,44.489,466
2013-03-11,44.811,44.811,44.127,44.286,249
2013-03-12,44.286,44.455,44.286,44.455,158
2013-03-13,44.455,44.455,44.363,44.363,17
2013-03-14,47.472,47.472,45.252,45.252,175
2013-03-15,44.898,44.898,44.764,44.764,402
2013-03-18,44.764,44.942,44.543,44.543,98
2013-03-20,44.898,45.43,44.898,45.43,300
2013-03-21,45.52,45.52,45.43,45.43,35
2013-03-22,45.43,45.43,44.942,45.252,43
2013-03-26,45.252,45.696,45.252,45.696,90
2013-03-27,46.141,46.141,45.873,45.873,55
2013-03-28,46.229,46.229,45.785,45.785,39
2013-04-02,46.629,46.629,46.186,46.361,195
2013-04-03,48.802,48.802,46.141,46.229,282
2013-04-04,46.229,46.229,45.831,45.831,131
2013-04-05,45.831,45.831,44.721,44.811,363
2013-04-08,44.764,44.764,44.18,44.18,296
2013-04-10,44.543,44.543,44.543,44.543,18
2013-04-11,44.811,44.811,44.721,44.721,68
2013-04-12,45.387,45.387,45.252,45.252,287
2013-04-15,45.005,45.058,44.854,44.854,29
2013-04-17,45.252,45.252,44.012,44.161,127
2013-04-18,44.801,44.801,43.479,44.363,145
2013-04-19,43.699,43.699,43.699,43.699,58
2013-04-22,44.143,44.143,44.143,44.143,40
2013-04-23,44.801,45.252,44.801,44.969,81
2013-04-24,45.252,45.591,45.252,45.591,26
2013-04-25,45.67,45.67,45.67,45.67,20
2013-04-29,45.252,45.617,45.19,45.553,363
2013-04-30,46.142,46.142,45.338,45.338,4185
2013-05-06,45.928,46.141,45.928,46.141,31
2013-05-07,45.252,46.336,45.252,46.336,134
2013-05-08,46.336,46.336,46.336,46.336,280
2013-05-09,46.407,46.407,46.407,46.407,25
2013-05-10,46.673,47.197,46.673,47.197,14176
2013-05-13,47.17,47.436,47.17,47.436,560
2013-05-14,47.73,48.697,47.73,47.969,2324
2013-05-15,48.802,48.802,48.095,48.448,137
2013-05-16,48.448,48.862,48.448,48.792,8883
2013-05-17,48.757,49.032,48.74,49.032,14120
2013-05-20,49.024,49.024,48.623,48.872,641
2013-05-22,48.961,48.961,48.927,48.936,115
2013-05-23,48.936,48.936,48.013,48.013,278
2013-05-24,48.526,48.526,48.095,48.095,215
2013-05-27,48.598,48.643,48.564,48.564,24
2013-05-28,48.989,49.114,48.848,49.114,231
2013-05-29,48.798,49.048,48.798,49.048,58
2013-05-31,49.048,49.066,49.048,49.066,40
2013-06-03,46.806,48.697,46.806,48.226,808
2013-06-04,48.449,48.449,47.609,47.957,40939
2013-06-05,48.36,48.36,47.86,47.931,75
2013-06-06,47.556,47.556,47.324,47.556,132
2013-06-07,47.561,47.561,47.561,47.561,18
2013-06-10,48.226,48.298,47.739,47.739,987
2013-06-11,49.998,49.998,47.267,47.267,285
2013-06-12,47.223,47.525,47.062,47.062,194
2013-06-13,47.905,47.905,46.078,46.885,169
2013-06-14,47.03,47.079,46.885,46.885,116
2013-06-17,47.03,47.03,47.03,47.03,25
2013-06-18,48.788,48.788,47.207,47.477,201
2013-06-19,47.382,47.382,47.205,47.205,219
2013-06-20,47.798,47.871,47.604,47.604,158
2013-06-21,47.913,47.913,47.913,47.913,10
2013-06-24,47.701,47.701,47.571,47.571,56
2013-06-25,47.913,47.913,47.295,47.295,65
2013-06-26,47.278,48.449,47.278,48.449,28275
2013-06-27,48.029,48.672,48.029,48.672,15632
2013-06-28,48.623,48.777,48.199,48.669,15671
2013-07-01,48.511,48.735,48.511,48.735,238
2013-07-02,48.887,48.887,48.449,48.449,17720
2013-07-03,48.466,48.887,48.466,48.887,615
2013-07-04,51.024,51.024,49.165,49.165,101
2013-07-05,49.201,49.692,49.201,49.641,683
2013-07-08,49.584,50.033,49.584,50.033,129
2013-07-09,52.527,52.527,50.221,50.488,6977
2013-07-10,50.558,50.756,50.558,50.567,91
2013-07-11,51.856,51.856,50.246,50.246,1108
2013-07-12,51.821,51.821,50.415,50.551,229
2013-07-15,50.551,50.551,50.103,50.202,177
2013-07-16,50.264,50.264,49.066,49.066,2084
2013-07-17,49.477,49.477,49.066,49.066,106
2013-07-18,49.505,49.791,49.505,49.791,5664
2013-07-19,49.173,49.71,49.173,49.71,149
2013-07-22,49.505,50.264,49.264,49.334,155
2013-07-23,50.069,50.069,49.112,49.112,150
2013-07-24,49.173,49.201,48.637,48.637,671
2013-07-25,48.907,48.907,48.907,48.907,68
2013-07-26,48.996,48.996,48.637,48.637,58
2013-07-29,49.165,49.165,49.165,49.165,36
2013-07-30,49.173,49.173,48.702,49.137,3518
2013-07-31,49.137,49.38,49.137,49.38,231
2013-08-01,49.495,49.623,49.39,49.623,502
2013-08-02,50.043,50.14,49.613,49.613,205
2013-08-05,49.632,49.632,49.21,49.21,5515
2013-08-06,49.308,49.308,48.834,48.834,252
2013-08-07,48.825,49.014,48.637,48.637,122
2013-08-08,48.486,48.762,47.833,47.833,537
2013-08-09,48.029,48.432,47.967,47.967,407
2013-08-12,48.279,48.314,48.279,48.314,35
2013-08-13,48.996,48.996,48.314,48.466,65
2013-08-14,48.897,48.897,48.548,48.548,113
2013-08-16,48.279,48.279,47.707,47.707,252
2013-08-19,48.788,48.788,47.645,47.787,554
2013-08-20,50.069,50.069,47.207,47.207,267
2013-08-21,47.207,47.385,47.207,47.385,265
2013-08-22,49.584,49.584,47.324,47.778,362
2013-08-26,47.778,47.778,47.778,47.778,16
2013-08-27,47.87,47.87,47.295,47.477,85
2013-08-28,47.43,47.43,47.43,47.43,24
2013-08-29,46.741,47.967,46.741,47.707,1152
2013-08-30,48.199,48.199,48.199,48.199,253
2013-09-02,48.504,48.504,48.012,48.012,30
2013-09-03,48.504,48.817,48.504,48.817,87
2013-09-04,49.574,49.574,48.441,48.449,194
2013-09-05,49.039,49.505,49.039,49.505,2375
2013-09-06,49.524,49.541,48.861,48.861,56037
2013-09-09,49.282,49.558,49.085,49.085,42028
2013-09-10,49.514,49.514,48.915,48.915,36240
2013-09-11,49.558,49.558,48.558,48.558,63602
2013-09-12,48.808,48.808,48.745,48.745,111
2013-09-13,48.817,48.817,48.236,48.334,161
2013-09-16,48.772,48.977,48.726,48.726,279
2013-09-17,48.861,49.014,48.548,49.014,262
2013-09-18,49.014,49.014,48.868,48.868,224
2013-09-19,48.279,48.726,48.279,48.682,327
2013-09-20,48.191,48.852,48.191,48.852,282
2013-09-23,49.558,49.558,48.726,48.726,337
2013-09-24,48.279,48.682,48.279,48.682,59
2013-09-25,48.682,48.682,48.279,48.279,424
2013-09-26,48.075,48.61,48.075,48.61,38
2013-09-27,49.558,49.558,48.012,48.012,126
2013-09-30,49.558,49.558,47.833,47.833,191
2013-10-01,48.055,48.173,48.055,48.173,42
2013-10-02,48.279,48.279,47.43,47.43,869
2013-10-03,47.385,47.385,47.295,47.295,2205
2013-10-04,47.207,47.207,47.207,47.207,38
2013-10-07,48.261,48.261,46.947,47.233,5704
2013-10-08,46.939,46.939,46.939,46.939,39
2013-10-09,47.42,47.42,46.76,46.982,5955
2013-10-10,47.251,47.537,47.207,47.537,160
2013-10-11,47.537,47.537,47.343,47.343,20
2013-10-14,47.753,47.753,47.652,47.652,455
2013-10-15,48.299,48.466,47.94,47.94,5228
2013-10-16,47.931,48.002,47.931,48.002,1126
2013-10-17,49.558,49.558,47.894,48.02,496
2013-10-18,48.002,48.397,48.002,48.397,102
2013-10-21,49.505,49.505,48.718,48.718,196
2013-10-22,48.279,48.718,48.279,48.682,285
2013-10-23,49.147,49.147,47.921,47.921,5351
2013-10-24,48.907,48.907,48.191,48.191,348
2013-10-25,48.558,48.558,48.135,48.334,65
2013-10-28,48.726,48.817,48.682,48.817,250
2013-10-29,48.907,48.941,48.907,48.941,162
2013-10-30,49.039,49.039,49.014,49.014,1252
2013-10-31,49.524,49.524,49.039,49.173,234
2013-11-04,49.173,49.623,49.173,49.623,296
2013-11-05,50.059,50.059,49.641,49.641,242
2013-11-06,51.38,51.38,49.623,49.781,343
2013-11-07,48.726,50.337,48.726,50.337,260
2013-11-08,49.574,50.221,49.524,50.221,464
2013-11-12,50.961,50.961,50.435,50.666,409
2013-11-13,50.666,50.666,50.166,50.166,28
2013-11-14,50.694,50.828,50.542,50.81,209
2013-11-15,50.81,50.81,50.784,50.784,189
2013-11-18,51.283,51.283,50.363,50.792,716
2013-11-19,51.38,51.38,50.202,50.246,1139
2013-11-20,50.149,50.935,50.149,50.918,30
2013-11-21,50.961,50.961,50.926,50.961,86
2013-11-22,50.961,50.961,50.657,50.961,556
2013-11-25,50.961,51.39,50.961,51.32,1125
2013-11-26,50.703,51.194,50.703,51.194,187
2013-11-27,51.194,51.194,50.623,50.623,58
2013-11-28,51.409,51.409,50.747,50.961,175
2013-11-29,50.961,50.961,50.82,50.82,231
2013-12-02,51.176,51.176,51.176,51.176,2
2013-12-03,50.784,50.784,50.784,50.784,6
2013-12-04,50.337,50.784,50.337,50.558,589
2013-12-05,50.069,50.069,50.069,50.069,28
2013-12-06,51.849,51.849,50.291,50.337,79
2013-12-09,50.514,50.514,50.479,50.479,28
2013-12-10,50.445,50.445,50.094,50.157,18
2013-12-11,50.247,50.247,49.736,49.736,2821
2013-12-12,49.454,49.454,49.016,49.016,204
2013-12-13,49.571,49.571,49.464,49.473,391
2013-12-16,49.464,49.464,49.016,49.016,227
2013-12-17,49.464,49.464,49.375,49.464,245
2013-12-18,49.464,49.68,49.464,49.68,80
2013-12-19,50.364,50.561,50.364,50.545,14198
2013-12-20,50.635,51.264,50.608,50.644,4675
2013-12-23,50.814,51.039,50.814,50.965,2451
2013-12-27,48.979,50.814,48.979,50.814,111
2013-12-30,50.949,50.965,50.949,50.949,4963
2014-01-02,51.264,51.633,51.264,51.397,17
2014-01-03,51.264,51.607,51.183,51.607,1356
2014-01-07,52.163,52.163,51.532,51.758,1912
2014-01-08,51.758,51.758,51.273,51.532,227
2014-01-09,51.378,51.802,51.378,51.802,274
2014-01-10,51.802,52.073,50.85,51.264,6883
2014-01-13,50.814,53.96,50.814,53.96,5154
2014-01-14,50.85,50.85,50.364,50.437,6310
2014-01-15,51.256,51.713,51.256,51.713,529
2014-01-16,53.448,53.448,51.658,51.767,262
2014-01-17,51.831,51.831,51.831,51.831,55
2014-01-20,51.812,51.812,51.623,51.775,664
2014-01-21,53.046,53.046,52.054,52.136,153
2014-01-22,52.098,52.098,52.01,52.01,85
2014-01-23,51.355,51.607,50.832,51.208,5765
2014-01-24,51.093,51.363,50.499,50.499,6441
2014-01-27,50.499,50.499,50.032,50.112,330
2014-01-28,50.373,50.447,50.284,50.284,144
2014-01-29,50.698,50.814,49.976,50.561,11952
2014-01-30,50.561,51.137,50.545,51.137,356
2014-01-31,50.723,51.397,50.635,51.397,3536
2014-02-03,52.163,52.163,50.814,51.004,538
2014-02-04,52.163,52.163,49.906,50.237,1909
2014-02-05,50.364,50.364,49.059,49.059,498
2014-02-06,49.464,49.934,49.464,49.85,10979
2014-02-07,50.354,50.408,49.934,50.032,1996
2014-02-10,51.264,51.264,50.455,50.465,1516
2014-02-11,50.499,50.804,50.499,50.669,5371
2014-02-12,51.264,51.264,50.723,51.208,271
2014-02-13,51.264,51.264,50.616,50.616,140
2014-02-14,51.623,51.623,50.373,50.841,2375
2014-02-17,51.713,51.713,51.093,51.093,220
2014-02-18,51.264,51.264,50.616,50.616,2352
2014-02-19,51.802,51.802,50.688,50.769,203
2014-02-20,51.083,51.083,51.073,51.073,2
2014-02-21,51.802,51.802,51.047,51.047,153
2014-02-24,51.083,51.227,51.047,51.227,103
2014-02-25,51.318,51.318,51.174,51.208,94
2014-02-26,51.517,51.559,51.517,51.559,56
2014-02-27,51.928,51.928,51.559,51.713,78
2014-02-28,51.928,51.928,51.407,51.579,166
2014-03-03,53.026,53.026,51.112,51.614,1182
2014-03-04,53.046,53.046,51.892,51.892,441
2014-03-05,51.892,52.513,51.892,52.513,1743
2014-03-06,53.062,53.062,52.163,52.18,264
2014-03-07,53.062,53.062,52.063,52.342,2609
2014-03-10,53.062,53.062,52.163,52.189,220
2014-03-11,52.208,52.208,52.002,52.208,2065
2014-03-12,53.945,53.945,51.937,52.136,2585
2014-03-13,54.411,54.411,52.027,52.027,1603
2014-03-14,53.835,53.835,51.371,51.378,230
2014-03-17,51.741,51.802,51.378,51.426,160
2014-03-18,52.611,52.611,51.876,52.073,138
2014-03-19,52.073,52.073,51.355,51.355,6572
2014-03-20,52.611,52.611,51.857,51.857,42
2014-03-21,52.163,52.695,52.163,52.695,34
2014-03-24,53.062,53.062,51.919,51.919,8428
2014-03-25,52.973,52.973,51.911,51.919,66
2014-03-26,52.163,52.208,51.947,52.208,619
2014-03-27,52.253,52.253,51.273,51.346,350
2014-03-28,53.046,53.046,51.623,51.713,159
2014-03-31,52.163,52.163,51.892,52.098,217
2014-04-01,52.342,52.342,52.098,52.098,1063
2014-04-02,52.208,52.695,52.208,52.611,727
2014-04-03,53.046,53.046,52.335,52.927,132
2014-04-04,52.927,53.046,52.621,52.621,2088
2014-04-07,53.056,53.056,52.118,52.342,520
2014-04-08,52.118,52.118,51.174,51.174,278
2014-04-09,51.623,51.623,51.532,51.623,18
2014-04-10,53.062,53.062,51.587,51.587,510
2014-04-11,51.587,51.587,50.545,50.545,223
2014-04-14,52.163,52.163,50.635,50.814,253
2014-04-15,51.264,51.327,51.155,51.327,704
2014-04-16,52.883,52.883,51.713,51.713,5423
2014-04-17,51.866,51.947,51.775,51.947,492
2014-04-22,52.783,52.783,51.866,51.937,6075
2014-04-23,52.342,52.476,52.01,52.01,491
2014-04-24,51.541,52.602,51.541,52.136,487
2014-04-25,52.611,52.611,52.198,52.253,316
2014-04-28,52.592,52.592,52.163,52.163,209
2014-04-29,51.713,52.504,51.713,52.253,502
2014-04-30,52.253,52.253,52.092,52.163,25
2014-05-02,52.592,52.611,52.592,52.611,138
2014-05-05,52.253,52.388,51.975,52.253,288
2014-05-06,52.621,52.621,52.037,52.378,1557
2014-05-07,52.476,52.476,51.65,51.857,258
2014-05-08,51.857,52.476,51.857,52.476,66
2014-05-09,52.611,52.611,52.244,52.406,80
2014-05-12,52.611,52.621,52.602,52.621,1728
2014-05-13,52.793,53.062,52.793,53.062,1717
2014-05-14,53.062,53.414,53.062,53.368,64
2014-05-15,52.611,53.297,52.611,53.252,189
2014-05-16,53.252,53.252,52.611,52.611,475
2014-05-19,53.952,53.952,52.703,52.828,46
2014-05-20,53.062,53.062,52.729,53.046,205
2014-05-21,53.046,53.062,52.611,53.062,120
2014-05-22,53.062,53.233,53.062,53.153,309
2014-05-23,53.242,53.405,53.242,53.297,118
2014-05-26,53.421,53.556,53.421,53.421,243
2014-05-27,53.514,53.514,53.514,53.514,1
2014-05-28,53.556,53.952,53.556,53.845,57
2014-05-29,53.96,53.96,53.682,53.682,121
2014-05-30,53.927,53.96,53.514,53.79,58
2014-06-02,54.79,54.79,53.872,53.872,236
2014-06-03,53.97,53.97,53.872,53.872,30
2014-06-04,54.411,54.411,53.781,53.872,267
2014-06-05,53.917,53.96,53.845,53.96,76
2014-06-06,53.96,53.96,53.692,53.692,1434
2014-06-09,54.861,54.861,53.647,53.647,977
2014-06-10,54.501,54.501,54.501,54.501,16
2014-06-11,53.97,54.7,53.97,54.501,418
2014-06-12,54.501,54.554,54.312,54.554,127
2014-06-13,54.592,54.592,54.052,54.141,140
2014-06-16,54.141,54.141,54.141,54.141,4
2014-06-17,54.411,54.798,54.411,54.798,178
2014-06-18,54.861,54.861,54.592,54.755,132
2014-06-20,54.861,55.625,54.861,55.625,103
2014-06-23,55.625,55.625,55.49,55.555,89
2014-06-24,55.625,55.625,55.132,55.132,173
2014-06-25,54.861,55.067,54.861,54.861,230
2014-06-26,54.771,54.861,54.6,54.861,64
2014-06-27,54.861,54.861,54.645,54.645,157
2014-06-30,54.861,54.952,54.861,54.952,80
2014-07-01,55.132,55.382,55.042,55.382,754
2014-07-02,55.761,55.761,55.382,55.382,23
2014-07-03,55.589,55.761,55.589,55.761,115
2014-07-04,55.761,55.95,55.761,55.95,68
2014-07-07,56.614,56.614,55.761,55.761,486
2014-07-08,55.765,55.765,55.283,55.283,842
2014-07-09,55.727,55.727,54.812,55.112,693
2014-07-10,56.044,56.044,55.058,55.275,227
2014-07-11,56.48,56.48,54.913,54.913,355
2014-07-14,55.52,55.656,55.52,55.656,91
2014-07-15,56.418,56.418,55.592,55.592,87
2014-07-16,55.982,55.982,55.682,55.982,64
2014-07-17,55.982,55.982,55.457,55.457,119
2014-07-18,55.628,55.682,55.457,55.457,96
2014-07-21,56.452,56.452,55.537,55.618,679
2014-07-23,56.344,56.418,56.091,56.091,983
2014-07-24,55.638,56.099,55.638,56.099,32
2014-07-25,56.433,56.48,56.433,56.48,125
2014-07-28,56.498,56.542,55.818,55.818,162
2014-07-29,56.516,56.516,56.516,56.516,22
2014-07-30,56.516,56.534,56.318,56.534,123
2014-07-31,56.361,56.361,56.054,56.298,409
2014-08-01,55.618,55.618,55.32,55.547,472
2014-08-04,55.727,55.727,55.356,55.356,130
2014-08-05,55.727,55.727,55.665,55.665,20
2014-08-06,55.665,55.682,55.665,55.665,88
2014-08-07,55.682,55.965,55.638,55.638,153
2014-08-08,56.534,56.534,55.275,55.656,157
2014-08-11,55.727,56.162,55.727,55.828,594
2014-08-12,56.408,56.408,56.318,56.318,19
2014-08-13,56.634,56.634,56.18,56.244,144
2014-08-14,56.091,56.361,56.091,56.308,144
2014-08-18,56.769,57.086,56.744,56.744,84
2014-08-19,60.575,60.575,57.331,57.521,369
2014-08-20,57.233,57.811,57.214,57.811,179
2014-08-21,57.811,58.146,57.811,57.811,152
2014-08-22,58.138,58.174,58.13,58.13,86
2014-08-25,58.13,58.574,58.101,58.202,210
2014-08-26,60.286,60.286,58.499,58.781,334
2014-08-27,58.899,58.999,58.781,58.909,303
2014-08-28,59.17,59.278,58.565,59.278,324
2014-08-29,61.166,61.166,59.17,59.17,566
2014-09-01,59.804,59.804,59.353,59.417,334
2014-09-02,61.618,61.618,59.57,59.624,461
2014-09-03,60.621,60.621,59.361,59.715,1582
2014-09-04,59.715,59.804,59.189,59.804,390
2014-09-05,61.609,61.609,59.18,59.605,301
2014-09-08,59.435,59.605,59.435,59.605,29
2014-09-09,59.804,60.259,59.804,60.012,265
2014-09-10,60.711,60.711,59.775,59.775,1719
2014-09-11,60.674,60.674,59.353,59.894,306
2014-09-12,61.581,61.581,59.579,59.932,187
2014-09-15,61.6,61.6,59.444,59.444,157
2014-09-16,59.534,59.534,59.469,59.469,158
2014-09-17,59.978,59.978,59.398,59.398,614
2014-09-18,59.369,60.439,59.369,60.439,241
2014-09-19,60.938,60.938,60.567,60.567,168
2014-09-22,60.711,60.711,60.478,60.478,407
2014-09-23,61.572,61.572,59.353,59.834,547
2014-09-24,59.353,60.012,59.271,60.012,235
2014-09-25,61.001,61.001,59.633,59.633,1326
2014-09-26,59.217,60.05,59.217,60.05,128
2014-09-29,59.804,60.584,59.804,60.368,425
2014-09-30,60.893,61.11,60.575,60.575,186
2014-10-01,60.621,60.702,60.259,60.259,157
2014-10-02,61.563,61.563,58.918,58.946,889
2014-10-03,59.1,60.521,59.1,60.521,162
2014-10-06,60.711,61.183,60.711,60.846,296
2014-10-07,60.983,60.983,59.894,60.439,161
2014-10-08,61.255,61.255,59.353,59.361,1485
2014-10-09,59.885,60.021,59.624,59.624,265
2014-10-10,61.174,61.174,58.736,59.035,309
2014-10-13,61.5,61.5,57.829,57.993,621
2014-10-14,57.539,58.255,57.177,57.901,736
2014-10-15,58.899,58.899,55.818,57.531,571
2014-10-16,57.077,57.077,55.609,56.634,726
2014-10-17,56.914,57.829,56.914,57.829,435
2014-10-20,58.763,58.763,57.785,57.983,601
2014-10-21,57.901,59.353,57.901,59.353,925
2014-10-22,59.534,60.259,59.534,60.259,204
2014-10-23,61.073,61.073,59.734,60.403,123
2014-10-24,60.403,60.478,60.086,60.478,505
2014-10-27,60.711,60.775,60.484,60.484,249
2014-10-28,58.899,60.795,58.899,60.795,141
2014-10-29,60.702,61.245,60.693,61.245,221
2014-10-30,60.973,61.6,60.973,61.6,98
2014-10-31,62.243,62.749,62.243,62.443,270
2014-11-03,62.524,63.32,62.524,63.249,1509
2014-11-04,64.336,64.336,62.977,62.977,581
2014-11-05,62.887,63.621,62.887,63.43,3170
2014-11-06,63.882,63.882,63.293,63.882,256
2014-11-07,64.481,64.563,63.882,64.336,214
2014-11-10,66.148,66.148,63.791,64.182,201
2014-11-12,64.336,64.336,63.582,63.936,4398
2014-11-13,66.148,66.148,64.336,64.526,559
2014-11-14,64.789,64.789,64.155,64.28,290
2014-11-17,64.336,64.336,63.936,64.318,255
2014-11-18,63.493,64.165,62.524,64.165,1327
2014-11-19,64.336,64.336,63.981,63.981,84
2014-11-20,63.702,63.702,63.339,63.702,1069
2014-11-21,63.838,65.261,63.838,65.086,366
2014-11-24,65.242,65.242,64.544,65.014,296
2014-11-25,65.648,65.648,64.554,64.554,971
2014-11-26,66.148,66.148,64.255,64.255,499
2014-11-27,65.696,65.696,64.573,64.634,115
2014-11-28,66.148,66.148,64.518,64.689,135
2014-12-01,66.138,66.138,63.928,63.928,411
2014-12-02,65.677,65.677,63.483,64.417,438
2014-12-03,65.242,65.242,64.718,64.971,407
2014-12-04,64.88,65.261,64.238,64.238,1029
2014-12-05,65.879,67.046,64.427,65.432,795
2014-12-08,66.148,66.148,65.314,65.36,220
2014-12-09,66.104,66.104,63.43,63.666,1744
2014-12-10,66.008,66.008,63.766,63.811,2080
2014-12-11,63.857,64.485,63.257,64.485,1605
2014-12-12,64.521,64.521,62.974,62.974,677
2014-12-15,63.766,63.766,62.271,62.527,477
2014-12-16,61.033,62.507,60.213,62.398,1093
2014-12-17,63.63,63.63,62.398,63.018,775
2014-12-18,65.588,65.806,64.559,65.762,984
2014-12-19,65.806,67.191,65.806,67.036,651
2014-12-22,67.411,67.411,66.699,67.372,821
2014-12-23,67.411,68.338,66.999,68.31,7083
2014-12-29,71.482,71.482,67.919,68.548,5048
2014-12-30,68.32,68.858,67.765,68.419,1699
2015-01-02,68.931,68.958,68.686,68.958,7881
2015-01-05,68.83,70.141,68.183,68.221,1383
2015-01-07,67.901,68.739,67.901,68.693,2800
2015-01-08,68.693,69.596,68.693,69.578,1213
2015-01-09,69.604,69.77,68.557,68.758,2600
2015-01-12,68.693,69.422,68.302,68.703,1696
2015-01-13,68.458,69.888,66.498,69.679,722
2015-01-14,68.358,68.739,67.027,67.657,7498
2015-01-15,67.756,69.414,67.756,69.414,835
2015-01-16,68.958,70.006,68.148,69.87,1603
2015-01-19,70.141,70.197,69.686,70.169,4746
2015-01-20,70.505,70.789,70.124,70.151,780
2015-01-21,70.597,70.597,69.187,69.787,1573
2015-01-22,69.87,71.417,69.804,71.417,472
2015-01-23,72.056,72.92,71.68,71.69,1125
2015-01-26,71.664,71.872,71.162,71.69,722
2015-01-27,71.781,71.781,69.787,70.206,1495
2015-01-28,73.22,73.22,70.58,70.78,165
2015-01-29,70.316,70.316,68.302,69.085,5964
2015-01-30,70.106,70.106,69.142,69.505,582
2015-02-02,68.858,68.958,67.958,68.518,2590
2015-02-03,69.231,69.896,69.142,69.377,2188
2015-02-04,69.686,70.371,68.894,69.532,442
2015-02-05,69.596,69.87,69.596,69.87,98
2015-02-06,70.169,70.77,69.505,70.597,465
2015-02-09,70.116,70.597,70.116,70.325,193
2015-02-10,70.68,71.245,70.68,70.916,6204
2015-02-11,71.599,71.963,71.417,71.963,218
2015-02-12,71.738,72.828,71.099,71.417,868
2015-02-13,71.245,71.708,70.726,71.708,1899
2015-02-16,71.518,71.738,71.518,71.637,740
2015-02-17,71.79,71.938,71.628,71.799,647
2015-02-18,71.664,72.1,71.609,71.963,576
2015-02-19,71.544,71.763,71.326,71.68,113
2015-02-20,71.938,72.392,71.728,71.838,888
2015-02-23,72.366,72.666,72.3,72.419,289
2015-02-24,72.776,72.776,72.329,72.457,469
2015-02-25,72.309,72.419,71.963,72.3,126
2015-02-26,72.292,72.876,72.191,72.876,768
2015-02-27,72.876,73.157,72.319,73.039,593
2015-03-02,73.177,73.177,72.766,72.876,479
2015-03-03,73.304,73.603,73.148,73.148,9664
2015-03-04,73.46,73.567,72.876,73.22,551
2015-03-05,73.421,73.531,73.22,73.44,519
2015-03-06,73.512,74.405,73.329,74.279,1099
2015-03-09,72.876,73.748,72.701,73.603,1415
2015-03-10,73.997,74.624,73.421,74.624,9697
2015-03-11,74.525,74.698,74.014,74.698,1183
2015-03-12,74.222,74.934,74.04,74.934,885
2015-03-13,75.607,76.064,75.007,75.426,10333
2015-03-16,75.553,75.782,74.679,75.782,1933
2015-03-17,75.626,75.91,75.024,75.655,2927
2015-03-18,75.792,75.792,75.244,75.244,534
2015-03-19,77.43,77.43,75.426,75.835,1020
2015-03-20,75.744,75.843,75.082,75.843,833
2015-03-23,75.607,75.607,73.714,74.269,851
2015-03-24,73.778,74.178,67.683,74.031,10331
2015-03-25,74.698,74.698,71.963,72.329,1230
2015-03-26,70.634,71.838,70.505,71.599,1564
2015-03-27,75.381,75.381,72.147,72.666,559
2015-03-30,72.876,73.468,72.876,73.011,331
2015-03-31,73.739,74.115,73.502,73.714,1944
2015-04-01,72.785,73.148,72.366,72.793,1003
2015-04-02,72.265,72.376,71.872,72.2,663
2015-04-07,72.548,72.876,72.419,72.701,7173
2015-04-08,72.366,72.366,71.345,72.347,7029
2015-04-09,72.392,73.788,72.238,73.788,7585
2015-04-10,73.788,74.352,73.788,73.912,5183
2015-04-13,73.912,74.698,73.912,74.606,1421
2015-04-14,74.606,74.606,73.177,73.45,521
2015-04-15,73.45,74.65,73.412,74.578,11438
2015-04-16,74.188,74.188,73.586,74.068,1349
2015-04-17,73.576,73.576,72.366,72.666,1846
2015-04-20,72.666,73.058,72.508,72.508,631
2015-04-21,73.46,73.612,72.518,73.329,18783
2015-04-22,72.957,73.329,72.083,73.329,6134
2015-04-23,73.329,73.329,72.793,73.058,226
2015-04-24,73.049,73.287,72.876,73.287,1559
2015-04-27,73.44,73.44,72.766,72.766,438
2015-04-28,72.538,72.675,71.838,71.963,793
2015-04-29,71.909,71.972,70.562,70.77,6195
2015-04-30,70.87,70.87,70.023,70.853,1513
2015-05-04,71.062,71.828,71.062,71.628,894
2015-05-05,71.963,71.963,70.87,71.172,1079
2015-05-06,70.571,70.981,69.551,69.641,728
2015-05-07,69.559,70.141,68.777,70.141,1981
2015-05-08,70.179,71.591,70.179,71.591,2781
2015-05-11,71.847,71.963,71.847,71.963,593
2015-05-12,72.147,72.147,71.053,71.609,357
2015-05-13,71.645,71.645,70.78,70.945,273
2015-05-14,70.889,70.889,70.58,70.58,105
2015-05-15,70.897,71.133,70.534,70.534,134
2015-05-18,70.351,71.053,70.27,71.053,341
2015-05-19,71.599,72.601,71.599,72.508,303
2015-05-20,72.675,72.876,72.419,72.876,636
2015-05-21,72.876,73.484,72.366,73.238,7274
2015-05-22,73.329,74.386,72.876,74.386,1044
2015-05-25,74.386,74.698,72.876,74.698,186
2015-05-26,74.725,75.571,74.725,75.143,6722
2015-05-27,75.024,75.244,74.962,75.244,1749
2015-05-28,75.171,75.325,74.698,75.235,6246
2015-05-29,75.089,75.089,73.788,74.269,6226
2015-06-01,75.062,75.062,74.606,74.606,175
2015-06-02,74.525,74.533,72.876,73.229,764
2015-06-03,73.431,73.768,72.876,72.876,2095
2015-06-05,72.785,72.966,72.601,72.966,727
2015-06-08,73.148,73.148,72.785,72.785,1089
2015-06-09,72.119,72.477,71.373,72.477,2496
2015-06-10,72.1,72.1,71.51,71.919,145
2015-06-11,72.61,73.076,72.036,72.938,669
2015-06-12,72.793,73.093,72.692,72.692,140
2015-06-15,72.528,72.528,72.056,72.056,59
2015-06-16,71.809,71.919,71.133,71.781,517
2015-06-17,72.648,72.886,72.147,72.886,78
2015-06-18,72.257,72.82,71.373,72.82,178
2015-06-19,72.866,73.603,72.866,73.196,524
2015-06-22,73.148,73.338,72.548,73.338,643
2015-06-23,74.698,74.698,73.649,74.168,414
2015-06-24,73.788,74.405,73.788,74.405,70
2015-06-25,73.878,74.168,73.788,73.788,62
2015-06-26,73.576,74.048,73.512,74.048,176
2015-06-29,75.607,75.607,73.329,73.596,2318
2015-06-30,72.257,73.03,72.257,72.966,390
2015-07-01,72.802,73.696,72.802,73.612,232
2015-07-02,73.788,73.788,73.696,73.696,271
2015-07-03,73.748,73.748,73.067,73.603,236
2015-07-06,73.788,73.788,72.985,73.788,1515
2015-07-07,74.105,74.694,74.105,74.242,807
2015-07-08,73.707,74.629,72.989,74.26,958
2015-07-09,73.707,74.353,73.707,74.122,1358
2015-07-10,73.707,73.707,72.648,72.73,1868
2015-07-13,72.73,74.076,72.73,74.076,366
2015-07-14,74.167,74.343,73.495,74.343,340
2015-07-15,74.324,74.813,74.324,74.813,308
2015-07-16,75.089,75.227,74.997,75.227,3405
2015-07-17,75.183,75.227,75.183,75.227,147
2015-07-20,75.274,76.159,75.227,75.91,1188
2015-07-21,76.334,76.334,74.978,75.466,718
2015-07-22,75.024,75.024,74.205,74.905,387
2015-07-23,75.135,75.135,74.629,74.629,312
2015-07-24,74.471,74.471,74.167,74.167,42
2015-07-27,73.892,73.892,71.737,72.483,1341
2015-07-28,72.592,72.879,72.592,72.702,86
2015-07-29,73.642,73.937,73.614,73.827,201
2015-07-30,74.086,74.784,74.086,74.784,297
2015-07-31,75.19,75.265,74.372,74.398,6590
2015-08-03,74.711,74.711,73.985,74.491,931
2015-08-04,74.572,74.84,74.38,74.84,425
2015-08-05,74.867,75.872,74.813,75.872,691
2015-08-06,75.366,75.872,75.274,75.274,586
2015-08-07,75.042,75.042,75.042,75.042,166
2015-08-10,74.896,75.541,74.187,75.541,115
2015-08-11,74.961,75.082,74.545,74.784,143
2015-08-12,73.855,73.855,72.397,72.397,815
2015-08-13,73.661,74.353,73.522,73.522,88
2015-08-14,73.707,73.743,73.385,73.614,207
2015-08-17,73.246,73.864,72.176,72.176,133
2015-08-18,74.353,74.353,74.167,74.333,734
2015-08-19,74.343,74.343,74.167,74.167,36
2015-08-20,73.522,73.522,72.233,72.416,368
2015-08-21,71.017,71.017,69.902,69.902,1732
2015-08-24,66.797,67.157,60.173,66.336,5889
2015-08-25,65.387,67.396,65.387,67.23,7738
2015-08-26,65.775,67.432,65.405,66.613,6403
2015-08-27,67.35,70.944,67.35,70.014,12178
2015-08-28,70.353,70.363,69.405,70.363,1265
2015-08-31,70.115,70.298,69.698,70.197,503
2015-09-01,68.677,68.677,67.765,67.994,11485
2015-09-02,68.795,68.906,68.179,68.28,478
2015-09-03,68.677,70.232,68.677,70.232,5652
2015-09-04,69.377,69.377,68.226,68.226,5919
2015-09-07,68.906,69.139,68.906,69.109,189
2015-09-08,69.919,69.919,69.654,69.654,203
2015-09-09,70.381,70.834,70.021,70.115,5533
2015-09-10,68.694,70.852,68.133,68.861,5693
2015-09-11,68.594,68.594,67.994,67.994,25
2015-09-14,68.456,68.916,68.456,68.639,193
2015-09-15,68.741,68.741,68.179,68.586,137
2015-09-16,69.037,69.736,69.037,69.377,390
2015-09-17,70.021,70.021,69.47,69.47,194
2015-09-18,69.21,69.21,67.994,68.547,12136
2015-09-21,68.547,68.935,68.041,68.935,3287
2015-09-22,69.534,69.534,68.133,68.133,5514
2015-09-23,68.409,69.099,68.409,68.649,963
2015-09-24,68.639,68.639,67.81,67.968,110
2015-09-25,69.099,69.847,69.099,69.487,50
2015-09-28,67.535,69.119,67.535,68.317,186
2015-09-29,66.354,67.451,66.354,66.972,306
2015-09-30,67.94,68.179,67.469,68.179,957
2015-10-01,69.534,69.58,68.456,68.456,191
2015-10-02,68.76,69.405,67.258,68.061,849
2015-10-05,69.109,70.021,68.897,70.021,2943
2015-10-06,70.473,70.759,70.473,70.629,238
2015-10-07,70.629,71.135,70.021,70.206,3524
2015-10-08,70.418,70.483,69.885,70.391,13057
2015-10-09,71.403,71.403,70.648,70.667,105
2015-10-12,71.403,71.403,70.529,70.529,228
2015-10-13,70.529,70.686,70.509,70.686,152
2015-10-14,70.14,70.206,69.746,69.746,97
2015-10-15,70.944,70.944,70.021,70.021,33
2015-10-16,70.944,71.468,70.944,71.293,267
2015-10-19,71.22,71.772,71.22,71.772,182
2015-10-20,71.772,71.772,70.944,70.962,160
2015-10-21,71.551,72.582,71.551,72.003,717
2015-10-22,72.416,72.416,72.296,72.315,160
2015-10-23,73.9,75.089,73.9,74.711,714
2015-10-26,74.711,75.55,74.711,75.55,406
2015-10-27,75.55,75.55,75.089,75.476,133
2015-10-28,75.55,76.01,75.457,76.01,499
2015-10-29,76.516,77.088,76.286,76.765,9162
2015-10-30,76.473,76.886,75.862,75.862,8619
2015-11-02,75.457,75.937,75.457,75.604,271
2015-11-03,76.609,77.126,76.195,77.126,4109
2015-11-04,77.503,77.67,77.207,77.207,1264
2015-11-05,78.314,78.314,77.023,77.207,2357
2015-11-06,77.448,78.314,76.987,77.834,547
2015-11-09,78.314,78.581,77.67,77.67,1549
2015-11-10,77.688,77.854,76.97,77.854,1478
2015-11-12,77.227,77.567,76.498,76.655,726
2015-11-13,76.149,76.305,75.808,76.213,460
2015-11-16,75.402,76.057,74.794,76.057,624
2015-11-17,77.392,77.475,76.931,77.217,3167
2015-11-18,77.346,77.67,77.217,77.67,90
2015-11-19,77.993,78.591,77.993,78.432,502
2015-11-20,78.277,78.398,77.595,78.22,1787
2015-11-23,78.314,79.226,78.314,79.226,706
2015-11-24,79.871,79.871,78.175,78.408,338
2015-11-25,78.775,79.76,78.765,79.752,2315
2015-11-26,79.788,80.11,79.788,79.944,270
2015-11-27,79.621,79.944,79.236,79.605,1817
2015-11-30,79.752,80.221,79.236,80.101,1451
2015-12-01,79.932,79.932,79.012,79.448,3761
2015-12-02,80.071,80.611,79.793,80.388,313
2015-12-03,79.906,80.249,78.511,78.511,4556
2015-12-04,77.423,78.027,76.438,78.027,723
2015-12-07,78.39,79.199,77.991,77.991,6791
2015-12-08,78.185,78.185,77.116,77.116,84
2015-12-09,77.861,77.861,76.707,77.413,858
2015-12-10,81.793,81.793,76.252,77.525,375
2015-12-11,76.51,77.181,74.774,75.797,2587
2015-12-14,75.797,76.102,75.145,75.145,314
2015-12-15,75.209,76.919,75.209,76.919,647
2015-12-16,76.837,77.153,76.596,76.596,455
2015-12-17,77.719,79.478,76.753,77.061,2150
2015-12-18,75.89,76.131,75.201,75.201,10092
2015-12-21,74.801,75.136,74.318,74.366,923
2015-12-22,74.718,74.718,73.741,74.318,579
2015-12-23,74.356,75.88,74.356,75.88,432
2015-12-28,78.965,78.965,75.219,75.378,1638
2015-12-29,75.62,76.205,75.62,76.121,891
2015-12-30,76.223,76.409,74.83,76.223,552
2016-01-04,79.012,79.012,74.366,75.201,6166
2016-01-05,79.003,79.003,75.666,76.298,348
2016-01-07,78.957,78.957,73.297,74.318,1733
2016-01-08,75.295,75.295,73.508,73.806,637
2016-01-11,73.026,73.202,72.503,72.719,1467
2016-01-12,72.888,74.141,72.738,74.003,1333
2016-01-13,73.899,74.366,73.436,73.436,389
2016-01-14,72.04,73.38,71.093,73.38,632
2016-01-15,73.258,73.258,70.768,71.789,523
2016-01-18,70.768,73.899,70.768,73.186,1799
2016-01-19,74.122,74.282,73.186,73.186,311
2016-01-20,71.381,71.808,71.138,71.548,631
2016-01-21,71.948,73.815,71.902,73.815,656
2016-01-22,73.815,74.067,73.806,74.067,147
2016-01-25,73.899,74.318,73.639,74.224,582
2016-01-26,73.147,73.806,72.598,73.806,834
2016-01-27,73.806,74.077,73.806,74.077,47
2016-01-28,74.366,74.366,72.663,72.868,7558
2016-01-29,72.878,74.198,72.878,74.141,221
2016-02-01,74.366,74.366,73.36,73.36,134
2016-02-02,73.78,73.78,73.156,73.156,270
2016-02-03,73.341,73.341,71.297,71.344,892
2016-02-04,72.04,72.04,71.111,71.187,2160
2016-02-05,71.651,71.798,71.111,71.4,260
2016-02-08,71.4,71.4,69.578,70.646,386
2016-02-09,69.996,69.996,67.858,67.858,2109
2016-02-10,70.627,70.627,68.722,69.716,1442
2016-02-11,72.495,72.495,66.929,67.393,390
2016-02-12,67.801,68.788,67.801,68.788,1210
2016-02-15,70.126,70.906,70.079,70.906,199
2016-02-16,70.646,70.834,70.646,70.721,88
2016-02-17,70.998,71.576,70.843,71.576,88
2016-02-18,72.503,72.503,72.04,72.04,287
2016-02-19,72.04,72.309,71.493,71.493,176
2016-02-22,72.124,72.961,71.854,72.961,78
2016-02-23,72.719,73.229,72.292,73.229,570
2016-02-24,72.756,72.756,71.576,71.576,129
2016-02-25,72.358,73.017,72.358,72.553,271
2016-02-26,74.262,74.262,73.436,74.207,367
2016-02-29,73.323,73.899,72.951,73.499,339
2016-03-01,73.602,73.602,73.602,73.602,180
2016-03-02,74.496,75.201,74.496,74.922,292
2016-03-03,75.285,75.285,74.644,74.644,144
2016-03-04,75.09,75.145,74.598,74.598,242
2016-03-07,74.718,74.913,74.366,74.366,320
2016-03-08,75.295,75.295,73.565,73.565,1128
2016-03-09,73.436,74.541,73.436,74.179,237
2016-03-10,74.55,75.295,74.122,75.295,1324
2016-03-11,74.262,74.486,73.714,73.714,2824
2016-03-14,74.244,74.244,73.668,74.141,3303
2016-03-15,73.891,73.891,73.891,73.891,71
2016-03-16,75.295,75.295,73.994,74.486,10856
2016-03-17,73.668,73.668,71.576,73.406,5614
2016-03-18,73.406,73.723,73.397,73.436,96
2016-03-21,73.63,73.723,73.63,73.723,14
2016-03-22,73.994,74.087,73.714,73.714,128
2016-03-23,74.336,74.336,74.131,74.131,77
2016-03-24,72.069,73.956,72.04,73.936,5818
2016-03-29,73.965,73.975,73.017,73.528,301
2016-03-30,73.668,73.899,73.36,73.36,11148
2016-03-31,73.436,73.854,73.389,73.436,250
2016-04-01,73.026,73.026,71.948,72.607,647
2016-04-04,73.899,73.936,73.732,73.76,207
2016-04-05,73.37,73.37,72.97,73.147,75
2016-04-06,73.426,73.48,73.138,73.138,1612
2016-04-07,74.114,74.114,73.156,73.584,2408
2016-04-08,73.472,74.003,73.472,74.003,454
2016-04-11,73.528,73.686,72.997,73.258,237
2016-04-12,73.082,73.574,72.533,73.574,530
2016-04-13,74.114,74.904,74.114,74.904,276
2016-04-14,75.126,75.778,75.126,75.295,5851
2016-04-15,75.936,75.936,75.116,75.48,77
2016-04-18,75.107,75.219,74.681,75.219,409
2016-04-19,76.076,76.177,75.758,75.823,8451
2016-04-20,76.213,76.213,75.295,75.758,2847
2016-04-21,75.592,76.213,75.592,75.992,85
2016-04-22,76.641,77.013,76.363,76.596,278
2016-04-25,78.074,78.074,77.153,77.433,209
2016-04-26,77.6,77.6,77.339,77.339,117
2016-04-27,77.433,77.608,76.604,77.303,359
2016-04-28,77.339,77.339,76.772,77.061,59
2016-04-29,76.223,76.623,74.997,74.997,11188
2016-05-02,75.295,75.378,75.062,75.145,323
2016-05-04,75.388,75.388,74.457,75.052,2911
2016-05-05,75.295,76.038,75.295,76.038,85
2016-05-06,76.038,76.038,75.126,75.126,1066
2016-05-09,75.648,76.54,75.648,76.102,8886
2016-05-10,76.894,76.949,76.278,76.894,2248
2016-05-11,77.608,77.608,77.088,77.097,348
2016-05-12,76.623,77.013,76.223,76.223,255
2016-05-13,76.223,76.501,75.48,76.501,10776
2016-05-16,75.841,75.841,74.885,74.885,409
2016-05-17,76.028,76.028,75.572,75.712,96
2016-05-18,77.608,77.608,76.038,76.038,281
2016-05-19,76.428,76.457,75.758,75.758,239
2016-05-20,77.004,77.004,76.689,76.919,116
2016-05-23,77.08,77.357,77.08,77.357,14
2016-05-24,77.608,78.818,77.608,78.799,1943
2016-05-25,78.251,79.003,78.251,79.003,682
2016-05-27,78.826,78.826,78.157,78.453,209
2016-05-30,79.003,79.458,78.706,79.012,725
2016-05-31,79.272,79.272,78.418,78.939,525
2016-06-01,79.087,79.087,78.129,78.547,433
2016-06-02,78.547,78.547,78.074,78.093,1041
2016-06-03,79.236,79.236,77.144,77.246,855
2016-06-06,77.246,77.655,77.153,77.544,97
2016-06-07,77.554,77.627,77.061,77.459,265
2016-06-08,77.311,77.311,76.772,76.772,691
2016-06-09,76.801,77.173,76.641,76.726,455
2016-06-10,77.525,77.674,76.902,77.525,176
2016-06-13,77.08,77.294,77.08,77.294,2895
2016-06-14,77.6,78.444,77.6,78.444,423
2016-06-15,78.323,78.453,78.083,78.315,157
2016-06-16,77.748,78.659,77.748,78.614,2029
2016-06-17,78.537,78.537,78.362,78.362,118
2016-06-20,77.804,77.87,77.525,77.821,205
2016-06-21,77.488,79.012,77.163,78.083,967
2016-06-22,78.259,78.259,76.932,76.971,198
2016-06-23,77.516,77.657,77.516,77.544,717
2016-06-24,77.525,77.544,74.367,77.544,691
2016-06-27,79.001,79.001,78.55,78.879,81
2016-06-28,77.918,77.918,76.981,77.619,646
2016-06-29,78.306,78.41,78.032,78.41,166
2016-06-30,78.55,79.01,78.455,79.01,449
2016-07-01,79.01,79.876,79.01,79.876,122
2016-07-04,79.941,80.543,79.941,80.328,487
2016-07-05,80.392,80.392,79.274,79.96,1910
2016-07-06,80.157,80.411,79.641,80.008,151
2016-07-07,80.027,80.815,79.914,80.722,816
2016-07-08,80.722,80.722,80.506,80.712,289
2016-07-11,81.785,82.057,81.341,81.521,9865
2016-07-12,81.663,82.114,81.089,81.991,9328
2016-07-13,82.273,82.293,81.436,81.803,1349
2016-07-14,82.414,82.604,82.264,82.462,5947
2016-07-15,82.123,82.649,81.991,82.649,338
2016-07-18,82.742,82.771,82.087,82.217,6245
2016-07-19,81.991,82.151,81.888,81.888,176
2016-07-20,82.199,82.914,82.141,82.669,16069
2016-07-21,82.594,82.649,81.624,81.624,16304
2016-07-22,82.18,82.225,81.991,81.991,178
2016-07-25,82.312,82.781,81.803,81.841,16401
2016-07-26,81.925,82.509,81.85,82.255,301
2016-07-27,82.273,82.923,82.273,82.923,251
2016-07-28,82.095,82.095,81.089,81.512,11021
2016-07-29,82.742,82.742,81.145,81.22,278
2016-08-01,83.684,85.377,80.787,81.381,2199
2016-08-02,80.627,80.627,79.209,79.209,861
2016-08-03,79.838,79.914,79.209,79.595,2254
2016-08-04,84.398,84.398,79.923,80.017,383
2016-08-05,84.314,84.314,79.828,79.828,172
2016-08-08,81.051,81.202,80.487,80.77,375
2016-08-09,80.666,80.693,79.848,80.563,739
2016-08-10,80.157,80.186,79.641,79.914,319
2016-08-11,79.358,80.045,79.358,80.017,123
2016-08-12,80.253,80.279,79.621,79.621,367
2016-08-16,83.646,83.646,78.643,79.396,564
2016-08-17,79.348,79.735,78.956,79.631,432
2016-08-18,78.888,79.472,78.888,78.981,351
2016-08-19,79.434,79.575,79.434,79.452,286
2016-08-22,79.481,79.923,78.851,79.923,176
2016-08-23,79.876,79.979,79.217,79.923,365
2016-08-24,80.157,80.157,79.923,79.923,103
2016-08-25,78.851,79.264,78.851,79.264,141
2016-08-26,80.166,80.166,79.501,80.111,421
2016-08-29,80.111,80.675,80.111,80.675,2111
2016-08-30,80.864,81.051,80.864,80.91,77
2016-08-31,81.614,81.803,81.136,81.803,732
2016-09-01,81.803,82.01,81.238,81.238,263
2016-09-02,81.361,81.371,80.958,81.183,203
2016-09-05,81.051,81.898,81.051,81.775,228
2016-09-06,81.541,81.541,80.864,80.91,323
2016-09-07,80.855,80.928,80.656,80.77,135
2016-09-08,80.656,80.75,79.923,79.923,259
2016-09-09,80.374,80.42,79.744,80.384,670
2016-09-12,78.297,79.698,77.6,79.679,1431
2016-09-13,79.679,79.923,78.981,78.981,140
2016-09-14,78.972,79.462,78.972,78.981,277
2016-09-15,78.898,78.898,78.372,78.485,98
2016-09-16,79.095,79.444,78.607,78.607,280
2016-09-19,79.133,79.716,79.03,79.425,640
2016-09-20,79.123,79.518,78.796,78.888,17965
2016-09-21,79.679,79.791,79.679,79.716,285
2016-09-22,79.34,79.679,79.34,79.649,392
2016-09-23,79.237,80.092,79.237,80.092,104
2016-09-26,79.783,79.783,78.805,79.331,165
2016-09-27,79.34,79.34,79.059,79.077,94
2016-09-28,78.991,79.8,78.991,79.631,784
2016-09-29,79.481,79.923,79.462,79.783,52
2016-09-30,79.659,80.336,79.659,80.336,277
2016-10-03,79.81,79.857,79.501,79.501,155
2016-10-04,80.186,80.356,79.688,80.027,269
2016-10-05,79.575,79.698,78.981,78.981,367
2016-10-06,79.322,79.773,79.322,79.688,43
2016-10-07,79.688,79.941,79.368,79.537,1633
2016-10-10,79.791,79.791,79.444,79.735,289
2016-10-11,79.941,79.941,79.923,79.923,93
2016-10-12,79.923,80.262,79.857,80.262,599
2016-10-13,80.092,80.111,79.274,79.621,523
2016-10-14,79.406,80.392,79.406,80.392,89
2016-10-17,80.392,80.392,80.392,80.392,336
2016-10-18,80.732,80.796,80.732,80.732,484
2016-10-19,80.928,81.164,80.928,81.164,76
2016-10-20,80.928,81.145,80.891,81.145,221
2016-10-21,81.145,81.428,81.145,81.428,322
2016-10-24,81.614,81.803,81.614,81.803,280
2016-10-25,82.264,82.264,82.047,82.087,261
2016-10-26,81.709,81.709,81.032,81.351,471
2016-10-27,82.077,82.077,81.841,81.841,177
2016-10-28,81.351,81.682,81.229,81.682,604
2016-10-31,81.341,81.341,80.572,81.117,431
2016-11-02,82.151,82.151,78.259,78.465,1011
2016-11-03,78.607,78.776,78.607,78.766,317
2016-11-04,78.495,78.495,78.183,78.183,409
2016-11-07,79.669,79.923,79.641,79.838,672
2016-11-08,79.96,80.61,79.932,80.279,396
2016-11-09,77.139,80.864,77.139,80.864,3165
2016-11-10,82.697,83.965,82.697,83.712,1737
2016-11-14,85.734,85.8,85.15,85.752,1319
2016-11-15,85.564,86.497,84.991,86.355,17170
2016-11-16,86.975,87.201,86.514,86.693,9929
2016-11-17,87.134,87.134,86.778,87.088,1583
2016-11-18,88.055,88.498,88.01,88.019,5656
2016-11-21,87.915,88.178,87.285,88.01,470
2016-11-22,88.103,88.583,88.103,88.103,5810
2016-11-23,87.633,89.353,87.633,89.353,11231
2016-11-24,89.598,89.608,88.385,88.469,897
2016-11-25,88.385,88.882,87.924,88,5519
2016-11-28,88.385,89.194,87.915,89.166,5483
2016-11-29,88.837,89.204,88.837,88.988,100
2016-11-30,89.137,89.796,88.866,89.419,1494
2016-12-01,88.96,89.618,88.433,89.438,5515
2016-12-02,90.266,90.266,88.857,89.222,237
2016-12-05,89.326,89.861,88.799,88.799,1009
2016-12-06,89.033,89.156,88.385,88.385,396
2016-12-07,88.424,88.666,87.774,88.01,7337
2016-12-08,88.508,91.517,88.508,91.517,254
2016-12-09,91.056,91.488,90.154,91.488,938
2016-12-12,91.677,91.958,91.019,91.677,11941
2016-12-13,91.343,91.677,91.343,91.629,228
2016-12-14,91.439,91.914,90.747,90.747,5788
2016-12-15,92.71,93.299,92.01,93.299,373
2016-12-16,93.1,93.1,91.819,91.99,11258
2016-12-19,92.587,92.587,92.283,92.473,366
2016-12-20,92.72,93.204,92.408,92.863,3782
2016-12-21,93.09,93.327,92.577,92.577,580
2016-12-22,92.512,92.587,91.734,92.246,1107
2016-12-23,92.682,92.682,91.533,91.543,6059
2016-12-27,92.265,92.636,91.563,92.636,625
2016-12-28,92.531,93.319,92.531,92.958,5883
2016-12-29,91.8,92.104,91.278,91.573,6594
2016-12-30,91.81,91.81,90.111,90.111,6261
2017-01-02,94.845,94.845,92.958,92.958,201
2017-01-03,91.904,92.587,91.155,92.104,441
2017-01-04,92.094,92.134,90.87,91.525,6340
2017-01-05,91.013,91.563,90.32,90.861,16763
2017-01-09,91.468,91.761,91.248,91.343,10822
2017-01-10,90.936,90.936,90.537,90.596,905
2017-01-11,90.993,91.894,90.851,91.894,265
2017-01-12,90.377,90.377,89.637,89.637,504
2017-01-13,89.799,91.051,89.637,91.051,6220
2017-01-16,90.728,90.993,90.197,90.701,601
2017-01-17,90.253,90.253,89.163,89.826,414
2017-01-18,89.979,89.979,89.163,89.666,713
2017-01-19,90.263,90.624,90.14,90.624,310
2017-01-20,89.913,90.017,89.22,90.017,10581
2017-01-23,89.249,89.542,89.163,89.163,448
2017-01-24,89.163,89.447,88.689,88.727,356
2017-01-25,89.466,90.111,89.039,90.111,3309
2017-01-26,89.781,90.111,89.781,90.111,288
2017-01-27,90.691,90.691,89.362,89.362,7482
2017-01-30,89.894,90.168,89.163,89.163,855
2017-01-31,88.736,89.466,88.006,88.006,2603
2017-02-01,88.793,88.793,88.271,88.271,397
2017-02-02,87.817,87.939,87.124,87.74,20599
2017-02-03,88.215,88.215,87.911,88.215,538
2017-02-06,89.001,89.02,88.614,88.689,643
2017-02-07,88.984,89.826,88.594,89.542,427
2017-02-08,89.855,89.923,89.163,89.163,89
2017-02-09,89.211,89.979,89.211,89.979,1385
2017-02-10,90.823,90.823,90.111,90.348,438
2017-02-13,90.975,91.06,90.814,91.06,171
2017-02-14,91.8,91.8,91.439,91.715,13638
2017-02-15,92.483,92.606,92.435,92.483,6802
2017-02-16,92.71,92.71,92.01,92.237,282
2017-02-17,92.159,92.483,92.159,92.35,7457
2017-02-20,92.958,93.137,92.88,92.91,739
2017-02-21,93.214,93.65,93.204,93.441,9672
2017-02-22,93.715,93.715,92.89,93.621,626
2017-02-23,92.958,93.611,92.786,93.052,597
2017-02-24,93.185,93.224,92.055,92.958,844
2017-02-27,93.715,93.715,93.146,93.365,403
2017-02-28,93.679,93.715,92.958,92.958,687
2017-03-01,93.715,94.628,93.527,94.37,829
2017-03-02,94.466,94.94,94.427,94.787,5970
2017-03-03,94.38,94.57,93.906,94.114,557
2017-03-06,93.536,94.086,92.967,93.575,2479
2017-03-07,93.735,93.981,93.696,93.887,556
2017-03-08,93.679,93.811,93.432,93.621,312
2017-03-09,93.906,93.943,93.137,93.241,178
2017-03-10,94.095,94.162,93.811,93.811,2475
2017-03-13,94.854,94.854,93.412,93.896,233
2017-03-14,94.02,94.02,93.146,93.403,3110
2017-03-15,93.611,93.783,93.601,93.601,4472
2017-03-16,93.345,93.601,92.01,92.01,2997
2017-03-17,92.01,92.577,91.829,92.01,14121
2017-03-20,91.248,92.01,91.222,91.961,12579
2017-03-21,91.657,91.657,89.875,90.586,27411
2017-03-22,90.13,90.13,89.637,90.111,818
2017-03-23,90.206,90.756,90.14,90.577,361
2017-03-24,90.358,90.452,90.017,90.443,414
2017-03-27,91.894,91.894,87.853,87.853,951
2017-03-28,89.372,89.447,88.689,88.822,604
2017-03-29,89.409,90.273,89.409,90.273,10116
2017-03-30,90.472,90.472,89.609,90.13,21466
2017-03-31,90.966,91.278,90.701,91.278,5534
2017-04-03,91.239,92.863,90.586,91.069,1719
2017-04-04,91.318,91.62,91.278,91.402,240
2017-04-05,91.278,91.705,91.06,91.705,5619
2017-04-06,90.747,90.909,90.586,90.899,609
2017-04-07,91.079,91.298,90.311,91.298,5658
2017-04-10,91.629,91.894,91.298,91.894,158
2017-04-11,91.752,91.781,91.003,91.022,583
2017-04-12,91.089,91.422,91.032,91.422,41
2017-04-13,92.01,92.01,90.168,91.013,6655
2017-04-18,90.946,90.946,89.429,90.234,20658
2017-04-19,90.178,90.766,89.391,90.661,10695
2017-04-20,90.273,90.273,89.712,89.712,52
2017-04-21,90.841,91.696,90.841,91.525,427
2017-04-24,90.861,90.861,89.657,90.273,1295
2017-04-25,90.188,90.197,89.931,89.931,509
2017-04-26,89.931,90.348,89.731,90.292,306
2017-04-27,90.036,90.397,89.865,90.234,527
2017-04-28,90.073,92.01,89.835,90.017,695
2017-05-02,90.055,90.093,89.637,89.761,404
2017-05-04,89.997,89.997,89.731,89.731,293
2017-05-05,89.542,89.609,88.974,89.163,644
2017-05-08,89.163,89.817,89.163,89.637,382
2017-05-09,90.633,90.889,90.452,90.766,145
2017-05-10,90.606,90.606,89.826,90.606,496
2017-05-11,90.397,90.661,89.666,90.206,407
2017-05-12,90.462,90.586,89.969,90.017,811
2017-05-15,89.657,89.731,89.163,89.561,601
2017-05-16,89.078,89.078,88.215,88.773,607
2017-05-17,87.532,88.043,86.773,86.773,1367
2017-05-18,87.266,90.111,86.402,87.446,11386
2017-05-19,87.315,87.315,86.127,86.583,5090
2017-05-22,86.63,87.266,86.517,86.858,7090
2017-05-23,87.285,87.57,87.227,87.541,577
2017-05-24,87.817,87.902,87.608,87.608,308
2017-05-25,87.578,87.608,87.266,87.266,422
2017-05-26,87.266,88.205,87.266,88.205,47
2017-05-29,88.215,88.328,88.082,88.309,392
2017-05-30,88.509,88.509,87.369,87.74,643
2017-05-31,87.948,87.948,87.266,87.266,711
2017-06-01,87.578,88.072,87.578,88.072,175
2017-06-02,88.091,90.16,87.929,87.929,661
2017-06-05,89.001,89.001,88.158,88.215,475
2017-06-06,88.215,88.527,87.674,88.395,746
2017-06-07,88.3,88.537,88.215,88.537,836
2017-06-08,88.831,88.974,88.831,88.955,146
2017-06-09,88.955,89.181,88.955,89.163,1330
2017-06-12,88.46,88.527,87.958,87.958,396
2017-06-13,88.945,89.039,88.831,89.039,47
2017-06-14,88.433,89.362,88.433,88.546,136
2017-06-16,90.188,90.188,88.689,88.689,477
2017-06-19,89.619,89.781,88.86,89.609,175
2017-06-20,89.826,91.107,89.771,89.771,10957
2017-06-21,90.681,90.691,90.633,90.633,607
2017-06-22,90.681,90.681,90.111,90.492,56
2017-06-23,90.253,90.253,89.817,89.817,304
2017-06-26,89.923,89.923,89.087,89.542,10636
2017-06-27,89.476,89.542,88.935,88.935,377
2017-06-28,88.026,88.736,87.74,88.499,279
2017-06-29,88.669,89.001,88.12,88.129,281
2017-06-30,87.74,87.939,87.55,87.883,443
2017-07-03,88.062,88.841,88.052,88.841,328
2017-07-04,88.46,88.974,88.243,88.974,356
2017-07-05,87.921,89.163,87.921,88.974,176
2017-07-06,88.64,88.64,87.446,87.446,715
2017-07-07,87.446,87.844,87.36,87.36,276
2017-07-10,88.176,88.176,87.483,88.176,186
2017-07-11,88.481,88.481,88.213,88.404,55
2017-07-12,87.062,88.068,87.053,87.992,728
2017-07-13,88.471,88.846,88.471,88.471,344
2017-07-14,88.49,88.49,87.454,88.098,266
2017-07-17,88.098,88.193,87.398,87.398,666
2017-07-18,87.771,87.771,86.89,86.995,492
2017-07-19,87.233,88.193,87.233,88.193,155
2017-07-20,88.193,88.193,87.474,87.474,787
2017-07-21,87.322,88.088,87.322,87.972,60
2017-07-24,88.414,88.414,87.378,88.098,666
2017-07-25,88.241,88.461,87.579,88.213,438
2017-07-26,88.643,88.882,88.164,88.625,8497
2017-07-27,88.088,88.452,87.646,88.308,3416
2017-07-28,87.695,88.308,86.89,88.308,5553
2017-07-31,87.781,87.896,86.831,86.831,6798
2017-08-01,87.427,87.427,86.946,87.243,176
2017-08-02,87.178,87.187,86.851,86.851,624
2017-08-03,86.91,86.91,86.275,86.323,247
2017-08-04,86.448,86.927,86.18,86.927,274
2017-08-07,87.408,87.408,86.708,86.946,373
2017-08-08,87.233,87.331,87.233,87.331,836
2017-08-09,86.936,88.031,86.936,87.867,609
2017-08-10,88.088,88.088,87.714,87.714,315
2017-08-11,86.87,87.128,86.353,86.726,366
2017-08-14,86.9,87.322,86.603,86.765,424
2017-08-16,89.92,89.92,87.82,87.82,143
2017-08-17,87.686,88.048,87.427,87.427,438
2017-08-18,86.524,86.726,86.275,86.726,351
2017-08-21,86.583,86.583,85.96,85.96,821
2017-08-22,86.275,86.956,86.275,86.91,95
2017-08-23,87.408,87.408,86.851,86.946,128
2017-08-24,87.025,87.025,86.19,86.678,350
2017-08-25,86.553,86.553,85.154,85.154,937
2017-08-28,85.318,85.432,84.79,85.079,484
2017-08-29,84.282,84.829,83.4,84.359,1272
2017-08-30,84.934,86.275,84.934,86.275,457
2017-08-31,86.275,86.794,85.71,86.18,722
2017-09-01,86.794,86.813,86.141,86.141,1405
2017-09-04,86.498,86.563,85.797,86.085,696
2017-09-05,86.257,86.257,85.489,85.797,631
2017-09-06,85.663,85.797,85.605,85.653,116
2017-09-07,85.902,85.902,84.924,85.7,349
2017-09-08,84.991,85.088,84.8,84.8,475
2017-09-11,85.7,86.075,85.375,86.075,783
2017-09-12,86.085,87.358,86.085,87.158,305
2017-09-13,87.1,87.464,86.995,87.427,1734
2017-09-14,88.146,88.231,87.724,87.724,201
2017-09-15,88.193,88.193,87.233,87.233,282
2017-09-18,88.078,88.213,88.078,88.146,118
2017-09-19,87.877,88.146,87.857,87.916,646
2017-09-20,87.742,87.81,86.956,87.714,221
2017-09-21,88.567,88.567,87.972,88.031,141
2017-09-22,87.637,87.637,86.755,86.755,390
2017-09-25,87.388,88.203,87.388,88.203,102
2017-09-26,88.586,89.066,88.577,88.672,337
2017-09-27,89.151,90.34,89.151,90.293,295
2017-09-28,90.59,90.59,90.005,90.005,519
2017-09-29,89.986,90.025,89.631,89.966,372
2017-10-02,90.646,91.069,90.495,91.069,389
2017-10-03,91.069,91.453,90.551,91.069,554
2017-10-04,91.069,91.155,90.686,91.069,181
2017-10-05,91.165,91.673,91.05,91.356,6426
2017-10-06,92.278,92.278,91.548,92.152,380
2017-10-09,92.125,92.21,91.099,91.099,6969
2017-10-10,91.3,91.3,90.541,90.954,1144
2017-10-11,90.973,90.973,90.11,90.485,326
2017-10-12,90.379,90.389,90.206,90.389,479
2017-10-13,90.36,90.485,89.124,89.727,649
2017-10-16,90.551,90.551,90.11,90.11,725
2017-10-17,90.522,90.522,90.254,90.254,188
2017-10-18,90.59,90.686,90.398,90.495,270
2017-10-19,90.159,90.159,89.697,89.697,228
2017-10-20,89.841,90.743,89.841,90.062,660
2017-10-23,91.069,91.069,90.446,90.505,358
2017-10-24,90.848,90.944,90.495,90.868,583
2017-10-25,90.858,90.858,90.11,90.11,591
2017-10-26,90.455,90.82,90.455,90.82,37
2017-10-27,91.712,92.508,91.597,92.508,1265
2017-10-30,92.488,92.498,91.548,92.488,1714
2017-10-31,92.325,92.478,91.577,92.144,705
2017-11-02,92.085,92.085,91.548,91.817,536
2017-11-03,91.817,92.536,91.817,92.421,192
2017-11-06,92.843,93.13,92.421,93.13,5358
2017-11-07,93.197,93.542,92.699,92.834,729
2017-11-08,92.795,93.37,92.258,93.139,5539
2017-11-09,93.072,93.082,92.028,92.411,234
2017-11-10,92.564,92.564,91.798,91.96,1493
2017-11-13,92.268,92.268,91.548,92.105,308
2017-11-14,92,92,91.223,91.26,436
2017-11-15,90.762,90.762,90.11,90.619,378
2017-11-16,90.59,91.145,90.59,91.117,310
2017-11-17,91.5,91.5,91.214,91.346,753
2017-11-20,91.214,91.5,90.216,91.5,288
2017-11-21,91.643,91.932,91.069,91.932,74
2017-11-22,91.683,91.903,91.069,91.069,284
2017-11-23,90.839,90.983,90.83,90.868,133
2017-11-24,90.897,90.897,90.465,90.465,409
2017-11-27,90.283,90.283,89.468,89.468,270
2017-11-28,90.11,90.637,90.11,90.398,48
2017-11-29,90.973,91.453,90.964,91.453,270
2017-11-30,91.453,92.028,91.117,91.788,620
2017-12-01,91.865,92.22,91.453,92.21,609
2017-12-04,92.144,93.005,92.144,93.005,781
2017-12-05,92.305,92.593,92.037,92.593,1325
2017-12-06,92.019,92.373,92.019,92.373,717
2017-12-07,92.728,92.747,92.125,92.669,125
2017-12-08,93.082,93.207,92.135,93.207,505
2017-12-11,93.313,93.323,92.536,92.986,1019
2017-12-12,92.986,94.041,92.986,94.041,339
2017-12-13,94.243,94.321,93.867,94.157,434
2017-12-14,93.992,94.186,92.988,94.157,934
2017-12-15,93.781,94.089,93.606,94.05,439
2017-12-18,94.05,94.639,93.953,94.542,194
2017-12-19,94.157,94.35,94.06,94.06,262
2017-12-20,94.07,94.07,93.191,93.394,526
2017-12-21,94.639,94.639,93.287,93.287,157
2017-12-22,93.838,93.847,93.674,93.674,1028
2017-12-27,93.461,93.771,93.287,93.771,783
2017-12-28,92.969,92.969,92.612,92.632,796
2017-12-29,92.659,92.659,91.704,91.704,865
2018-01-03,91.645,92.486,90.97,92.486,707
2018-01-04,94.804,94.804,91.569,92.582,976
2018-01-05,92.64,93.095,92.64,93.036,812
2018-01-08,93.674,94.07,93.162,93.943,1248
2018-01-09,94.639,94.639,94.466,94.639,464
2018-01-10,94.813,95.036,94.243,94.253,990
2018-01-11,95.064,95.064,94.243,94.243,737
2018-01-12,94.562,94.621,93.355,93.355,324
2018-01-15,94.176,94.176,93.384,93.48,633
2018-01-16,93.48,94.523,93.48,93.8,587
2018-01-17,93.847,94.157,93.461,93.761,423
2018-01-18,93.722,94.389,92.708,92.708,331
2018-01-19,93.722,94.359,93.287,94.359,528
2018-01-22,94.399,94.572,93.674,94.572,214
2018-01-23,94.592,95.403,94.476,95.007,639
2018-01-24,94.958,95.007,94.157,94.157,138
2018-01-25,93.636,94.07,92.708,92.891,542
2018-01-26,93.23,93.867,93.191,93.761,190
2018-01-29,94.592,94.717,94.301,94.427,328
2018-01-30,94.369,94.369,92.901,93.684,1426
2018-01-31,93.433,93.461,93.095,93.095,1231
2018-02-01,93.105,93.337,92.708,93.056,1673
2018-02-02,93.327,93.327,91.801,91.801,911
2018-02-05,92.226,92.226,90.198,90.95,1762
2018-02-06,87.783,88.942,84.664,88.836,3243
2018-02-07,88.836,90.1,87.976,89.936,2420
2018-02-08,91.635,91.635,89.27,89.329,1201
2018-02-09,88.102,88.353,86.915,86.915,831
2018-02-12,88.362,89.329,88.362,88.536,1606
2018-02-13,88.652,88.652,87.88,88.353,885
2018-02-14,89.077,89.415,88.459,88.459,416
2018-02-15,89.213,89.444,88.846,88.846,579
2018-02-16,89.425,90.544,89.425,90.198,544
2018-02-19,90.767,90.767,90.198,90.198,620
2018-02-20,90.332,90.332,89.811,90.188,144
2018-02-21,90.294,91.096,90.294,90.67,732
2018-02-22,90.777,90.777,90.478,90.478,368
2018-02-23,91.259,91.259,90.488,91.057,152
2018-02-26,91.645,91.645,91.635,91.645,355
2018-02-27,92.322,92.901,92.322,92.708,427
2018-02-28,93.036,93.23,92.4,93.23,302
2018-03-01,92.274,92.322,91.598,92.322,547
2018-03-02,91.742,91.742,89.222,89.811,680
2018-03-05,90.033,92.708,89.811,90.613,275
2018-03-06,91.655,91.675,90.825,90.97,300
2018-03-07,90.313,90.371,90.178,90.371,253
2018-03-08,91.425,92.08,91.163,92.08,396
2018-03-09,92.226,93.191,91.83,93.191,283
2018-03-12,93.674,93.916,93.403,93.867,734
2018-03-13,93.867,93.867,93.461,93.461,341
2018-03-14,93.258,93.51,92.708,92.708,244
2018-03-15,92.708,92.988,92.166,92.988,62
2018-03-16,93.123,93.48,93.095,93.48,426
2018-03-19,93.538,93.538,91.742,91.742,271
2018-03-20,91.751,92.612,91.742,92.38,315
2018-03-21,92.805,92.979,92.708,92.979,1020
2018-03-22,91.289,91.742,90.391,90.391,4671
2018-03-23,89.502,89.927,88.652,88.923,5430
2018-03-26,88.767,88.903,87.493,87.493,2074
2018-03-27,89.647,89.83,89.473,89.83,407
2018-03-28,90.777,90.777,86.885,87.011,4432
2018-03-29,87.638,88.846,87.571,88.362,5751
2018-04-03,86.924,88.459,86.624,87.831,2885
2018-04-04,88.266,88.266,86.915,87.783,1501
2018-04-05,90.342,90.488,89.618,89.618,338
2018-04-06,89.811,89.918,89.329,89.329,476
2018-04-09,88.981,88.981,88.372,88.517,353
2018-04-10,88.758,89.406,88.026,89.028,1156
2018-04-11,88.797,88.797,88.314,88.372,418
2018-04-12,88.777,89.279,88.652,89.279,201
2018-04-13,89.628,89.743,89.57,89.57,193
2018-04-16,88.846,89.347,88.362,88.362,171
2018-04-17,88.681,90.092,88.681,90.004,224
2018-04-18,90.004,90.294,90.004,90.294,64
2018-04-19,90.342,90.498,89.908,89.908,950
2018-04-20,90.072,90.391,90.072,90.391,291
2018-04-23,90.198,90.68,90.11,90.68,94
2018-04-24,90.68,91.685,90.66,91.685,1467
2018-04-25,90.1,90.371,89.811,90.294,649
2018-04-26,91.742,91.742,90.478,91.742,1625
2018-04-27,91.964,92.708,91.964,92.014,637
2018-04-30,92.341,92.612,92.322,92.322,142
2018-05-02,86.818,95.122,85.465,93.258,2133
2018-05-04,92.708,93.384,92.322,93.384,199
2018-05-07,93.48,94.128,93.191,94.128,833
2018-05-08,93.992,95.605,93.963,94.929,1143
2018-05-09,94.929,96.088,94.929,96.088,843
2018-05-10,95.895,95.895,95.22,95.413,805
2018-05-11,95.837,96.088,95.683,96.088,625
2018-05-14,96.194,96.57,96.088,96.57,454
2018-05-15,96.33,97.051,92.708,96.976,1231
2018-05-16,96.958,98.019,96.726,97.812,1486
2018-05-17,97.812,97.921,97.539,97.921,273
2018-05-18,97.921,98.402,97.48,98.402,214
2018-05-21,99.476,99.476,98.599,98.737,934
2018-05-22,98.156,99.059,98.019,99.059,246
2018-05-23,99.079,100.14,98.156,99.476,16504
2018-05-24,101.4,101.4,98.294,98.294,5618
2018-05-25,99.377,99.476,98.98,99.476,130
2018-05-28,99.79,99.81,99.79,99.81,73
2018-05-29,99.81,99.81,98.5,99.258,710
2018-05-30,96.59,99.75,96.59,99.75,11374
2018-06-01,99.66,99.75,98.019,99.75,11189
2018-06-04,100.02,100.86,99.476,99.61,703
2018-06-05,98.737,100.5,98.737,100.5,359
2018-06-06,100.52,100.52,99.079,99.079,1173
2018-06-07,99.476,99.55,99.079,99.079,204
2018-06-08,99.66,99.66,99.278,99.66,120
2018-06-11,98.5,99.94,98.5,99.66,369
2018-06-12,100.24,100.34,99.476,99.68,1498
2018-06-13,100.32,101.4,100.32,101.4,1769
2018-06-14,99.71,100.91,99.53,100.91,3979
2018-06-15,101.85,101.93,100.88,100.88,584
2018-06-18,101.1,102.09,101.01,101.97,2159
2018-06-19,101.5,102.07,101.01,101.79,707
2018-06-20,101.97,102.37,101.88,102.37,738
2018-06-21,102.37,103.27,102.37,102.66,256
2018-06-22,101.6,101.88,101.4,101.88,151
2018-06-25,104.27,104.27,99.57,99.92,5383
2018-06-26,99.87,100.52,99.71,100.44,2695
2018-06-27,100.04,100.44,99.83,100.44,183
2018-06-28,101.79,101.85,100.44,101.4,489
2018-06-29,101.4,102.17,101.4,102.17,143
2018-07-02,101.38,102.07,100.64,102.05,352
2018-07-03,102.6,102.75,102.37,102.37,629
2018-07-04,101.83,102.13,101.4,101.7,473
2018-07-05,101.06,101.56,100.91,101.3,1001
2018-07-06,101.32,101.4,100.91,100.91,1119
2018-07-09,101.85,101.92,101.02,101.58,382
2018-07-10,101.83,102.75,101.83,102.44,115
2018-07-11,102.05,102.19,101.21,101.86,585
2018-07-12,102.66,103.06,102.37,102.85,1049
2018-07-13,103.46,103.82,103.34,103.34,831
2018-07-16,102.37,102.99,101.99,102.37,880
2018-07-17,102.07,102.23,101.31,102.07,733
2018-07-18,102.99,103.68,102.99,103.05,128
2018-07-19,103.92,105.29,103.32,103.32,140
2018-07-20,103.73,103.73,102.75,102.93,181
2018-07-23,102.77,103.34,102.09,102.09,448
2018-07-24,103.73,103.73,103.44,103.5,942
2018-07-25,103.12,103.36,103.12,103.14,116
2018-07-26,102.64,103.34,102.64,102.99,122
2018-07-27,104.27,104.41,103.5,103.71,874
2018-07-30,104.31,104.41,102.27,102.27,1730
2018-07-31,102.37,104.31,101.97,102.05,518
2018-08-01,102.99,102.99,102.37,102.46,250
2018-08-02,102.44,102.62,101.78,102.11,808
2018-08-03,103.1,104.12,103.1,103.5,754
2018-08-06,103.82,104.71,103.68,104.51,497
2018-08-07,104.51,104.51,104.31,104.45,358
2018-08-08,104.37,104.51,103.54,104.41,438
2018-08-09,105,105,104.2,105,230
2018-08-10,105.29,106.33,105.04,105.77,300
2018-08-13,106.61,106.84,105.77,106.27,289
2018-08-14,107.24,107.24,106.27,106.71,472
2018-08-16,106.71,107.24,106.71,107.12,335
2018-08-17,107.24,107.26,106.8,106.9,856
2018-08-20,107.26,107.26,106.96,107.26,378
2018-08-21,106.54,106.78,106.54,106.59,233
2018-08-22,105.62,105.75,104.76,104.84,330
2018-08-23,105.19,105.83,104.8,105.77,564
2018-08-24,105.71,105.81,104.55,104.71,1584
2018-08-27,106.03,106.03,104.88,105.6,558
2018-08-28,105.73,105.81,105.37,105.42,561
2018-08-29,106.01,106.37,105.77,106.01,386
2018-08-30,106.41,106.74,106.13,106.74,639
2018-08-31,106.63,107.73,105.77,107.73,1836
2018-09-03,107.44,107.56,107.14,107.3,9523
2018-09-04,107.36,107.6,107.24,107.6,560
2018-09-05,107.64,107.73,107.08,107.08,4056
2018-09-06,107.5,107.5,106.84,106.84,1868
2018-09-07,105.68,106.74,105.68,106.27,665
2018-09-10,106.69,107.04,106.39,106.58,865
2018-09-11,106.63,106.92,105.99,106.03,572
2018-09-12,107.24,107.24,106.74,106.74,209
2018-09-13,106.98,107.14,106.47,106.86,125
2018-09-14,106.84,107.3,106.17,107.3,286
2018-09-17,107.4,107.4,106.15,106.56,576
2018-09-18,106.21,106.59,105.44,105.48,1265
2018-09-19,105.77,106.51,105.77,106.27,897
2018-09-20,106.65,106.88,106.37,106.88,45
2018-09-21,107.42,107.42,106.65,106.94,82
2018-09-24,106.98,106.98,105.91,106.27,772
2018-09-25,105.89,106.65,105.75,105.75,393
2018-09-26,106.25,106.27,106.25,106.27,347
2018-09-27,106.17,106.27,106.03,106.27,133
2018-09-28,106.96,107.56,106.45,107.56,4417
2018-10-01,108.27,108.31,107.28,107.6,4079
2018-10-02,108.43,108.8,107.66,108.41,2777
2018-10-03,108.01,109.21,108.01,109.21,246
2018-10-04,109.25,109.27,108.01,108.01,351
2018-10-05,108.01,108.55,107.6,108.43,714
2018-10-08,108.05,108.29,107.44,108.29,594
2018-10-09,108.49,108.53,108.29,108.51,1269
2018-10-10,107.97,108.07,106.43,106.58,804
2018-10-11,103.4,103.86,102.01,103.06,7575
2018-10-12,102.27,103.18,102.27,102.56,1034
2018-10-15,102.05,102.48,101.59,101.99,1534
2018-10-16,102.23,102.77,101.45,102.7,544
2018-10-17,104.31,104.31,103.34,103.34,813
2018-10-18,104.31,104.31,103.82,104.31,691
2018-10-19,104.31,104.31,103.82,104.31,455
2018-10-22,103.26,103.8,102.37,103.34,1255
2018-10-23,102.07,104.02,101.15,101.15,564
2018-10-24,101.31,102.85,99.446,102.37,1422
2018-10-25,100.96,101.43,98.461,101.39,1416
2018-10-26,102.37,104.31,99.78,99.78,1469
2018-10-29,99.446,102.87,99.446,102.37,833
2018-10-30,101.37,101.49,100.32,100.84,618
2018-10-31,102.19,104.31,102.19,104.02,843
2018-11-02,104.31,104.31,102.52,103.12,572
2018-11-05,103.05,103.42,102.5,103.42,550
2018-11-06,103.46,103.46,102.66,103.18,807
2018-11-07,104.31,104.31,103.08,104.31,876
2018-11-08,104.76,105.87,104.76,105.56,3277
2018-11-09,105.97,106.27,105,105.29,338
2018-11-13,105.04,105.29,104.27,104.27,574
2018-11-14,103.62,104.27,102.85,103.73,298
2018-11-15,102.79,102.95,101.59,101.91,11147
2018-11-16,102.48,103.64,102.48,102.56,163
2018-11-19,103.82,104,102.56,102.56,11119
2018-11-20,101.61,101.7,100.32,100.42,780
2018-11-21,100.42,100.42,99.92,100.32,206
2018-11-22,100.2,100.2,99.446,99.446,236
2018-11-23,99.51,100.42,99.446,100.42,1054
2018-11-26,100.38,101.09,99.72,101.09,580
2018-11-27,100.78,101.88,100.78,101.88,455
2018-11-28,102.6,102.85,102.54,102.54,155
2018-11-29,103.34,103.46,103.24,103.46,99
2018-11-30,103.34,104.24,102.56,104.24,2231
2018-12-03,105.29,106.31,105.29,105.35,2723
2018-12-04,104.69,105,103.52,104.31,337
2018-12-05,102.7,103.01,102.07,102.37,871
2018-12-06,101.69,101.7,99.92,99.92,1629
2018-12-07,102.31,102.31,100.2,100.9,589
2018-12-10,99.01,99.64,97.763,98.52,1271
2018-12-11,99.029,101.63,99.029,101.29,677
2018-12-12,100.88,101.57,100.86,100.98,1161
2018-12-13,100.96,100.96,99.87,100.27,717
2018-12-14,99.87,100.37,99.288,100.07,606
2018-12-17,99.01,99.109,96.878,97.959,6232
2018-12-18,96.76,97.075,95.944,96.908,1316
2018-12-19,95.424,96.535,95.424,96.042,2536
2018-12-20,93.635,94.539,93.389,94.371,2246
2018-12-21,93.064,94.47,92.504,93.595,1934
2018-12-27,92.406,97.075,90.892,91.658,3404
2018-12-28,92.897,94.529,92.897,94.077,1060
2019-01-02,93.035,94.381,91.973,94.381,3559
2019-01-03,93.998,94.371,92.73,94.371,1468
2019-01-04,93.625,95.846,93.389,95.846,2091
2019-01-07,95.63,95.699,94.539,95.699,1966
2019-01-08,96.328,97.075,95.837,96.417,2734
2019-01-09,96.986,97.812,95.561,95.561,1146
2019-01-10,95.994,96.338,95.846,96.16,831
2019-01-11,97.016,97.134,96.23,96.8,1003
2019-01-14,96.79,96.918,96.535,96.535,476
2019-01-15,97.527,97.616,96.79,97.448,390
2019-01-16,98.304,98.891,98.304,98.891,448
2019-01-17,98.382,98.891,98.225,98.304,452
2019-01-18,99.288,100.47,99.288,100.47,140
2019-01-21,100.76,101.07,100.47,100.76,388
2019-01-22,100.69,100.69,99.77,99.83,403
2019-01-23,98.93,100.27,98.93,99.95,1132
2019-01-24,109.92,109.92,97.616,100.23,766
2019-01-25,99.97,100.98,99.95,100.78,529
2019-01-28,100.23,100.23,98.791,99.486,636
2019-01-29,99.446,100.05,98.891,99.99,1009
2019-01-30,99.83,100.13,99.01,100.07,308
2019-01-31,99.83,101.25,99.387,101.25,858
2019-02-01,101.25,101.74,101.05,101.51,534
2019-02-04,102.06,103.22,101.65,101.84,1204
2019-02-05,102.59,103.26,102.24,103.26,676
2019-02-06,103.4,103.6,102.55,103.6,942
2019-02-07,103.71,103.9,103.04,103.42,626
2019-02-08,102.92,103.24,102.14,102.8,1443
2019-02-11,102.92,104.64,102.92,103.75,525
2019-02-12,105.05,105.36,104.34,105.18,591
2019-02-13,105.99,105.99,105.18,105.87,407
2019-02-14,105.99,106.99,105.58,105.58,1341
2019-02-15,105.62,106.33,105.58,106.33,637
2019-02-18,106.37,107.03,106.37,106.66,1844
2019-02-19,107.09,107.09,106.27,106.87,1233
2019-02-20,106.85,107.09,106.01,106.95,1458
2019-02-21,106.95,107.09,106.43,106.79,616
2019-02-22,106.87,106.87,106.66,106.66,163
2019-02-25,107.09,108.05,107.09,107.65,2884
2019-02-26,106.49,107.35,106.49,107.35,323
2019-02-27,106.6,106.6,105.28,105.87,752
2019-02-28,106.35,106.41,105.54,106.05,725
2019-03-01,106.64,106.97,106.51,106.51,509
2019-03-04,110.1,110.1,107.15,107.45,260
2019-03-05,106.91,107.07,105.95,106.77,1040
2019-03-06,106.81,106.83,105.83,106.31,345
2019-03-07,103.32,106.11,103.32,105.2,540
2019-03-08,105.32,105.44,105.18,105.28,423
2019-03-11,105.95,107.19,104.99,107.19,1289
2019-03-12,106.66,107.15,106.37,107.15,1242
2019-03-13,107.15,107.35,106.68,107.35,947
2019-03-14,107.15,108.05,107.07,108.05,558
2019-03-15,107.78,108.19,107.65,107.74,5420
2019-03-18,108.01,108.13,107.74,107.84,269
2019-03-19,107.84,108.43,107.84,108.13,5941
2019-03-20,107.61,107.61,106.87,106.99,329
2019-03-21,106.58,107.72,106.15,107.72,5285
2019-03-22,107.99,108.63,107.65,107.65,7162
2019-03-25,106.66,106.99,106.37,106.64,778
2019-03-26,109.1,109.1,107.23,107.86,390
2019-03-27,108.43,108.43,106.91,106.91,756
2019-03-28,107.72,108.37,107.72,108.13,333
2019-03-29,108.67,108.84,108.67,108.84,461
2019-04-01,109.53,109.98,109.47,109.94,5049
2019-04-02,110.26,112.06,110.26,110.34,1641
2019-04-03,110.34,110.82,109.61,110.5,3659
2019-04-04,111.08,111.08,110.3,110.4,568
2019-04-05,110.9,111,110.6,110.88,415
2019-04-08,111.08,111.08,110.2,110.2,1066
2019-04-09,110.44,110.71,109.76,109.76,595
2019-04-10,110.1,110.58,110.1,110.54,754
2019-04-11,110.46,110.64,110.3,110.5,725
2019-04-12,110.48,110.71,110.1,110.6,3605
2019-04-15,110.67,110.69,110.36,110.36,507
2019-04-16,110.74,111.08,110.72,110.82,320
2019-04-17,110.8,110.84,110.54,110.62,348
2019-04-18,110.62,111.08,110.22,111.08,356
2019-04-23,111.3,112.04,111.3,112.02,1043
2019-04-24,112.95,113.19,112.85,113.19,5828
2019-04-25,113.64,114.07,112.87,112.87,5483
2019-04-26,112.89,113.35,112.06,112.97,418
2019-04-29,113.97,113.99,113.54,113.99,5989
2019-04-30,113.66,113.66,112.7,112.7,12109
2019-05-02,112.89,112.89,112.26,112.85,396
2019-05-06,111.42,112.42,111.12,112.42,5483
2019-05-07,112.66,112.66,111.56,111.56,851
2019-05-08,112.06,112.06,110.78,110.78,4722
2019-05-09,110.74,112.06,109.41,109.71,1417
2019-05-10,110.44,110.74,109.08,109.08,5728
2019-05-13,109.94,110.1,108.43,108.67,2622
2019-05-14,108.92,109.47,108.86,109.45,1361
2019-05-15,110.1,110.1,109.37,110,587
2019-05-16,110.1,112.06,109.9,111.79,1445
2019-05-17,111.4,112.06,110.86,111.12,260
2019-05-20,115.01,115.01,110.1,110.44,841
2019-05-21,110.96,111.52,110.76,111.32,1088
2019-05-22,111.46,111.46,110.5,111.04,5101
2019-05-23,110.71,110.71,109.86,109.86,281
2019-05-24,109.61,110.02,109.27,109.27,4616
2019-05-27,109.57,109.69,109.31,109.45,449
2019-05-28,109.74,109.78,109.26,109.45,241
2019-05-29,109.12,109.12,103.22,108.51,9919
2019-05-30,108.25,108.82,108.25,108.37,255
2019-05-31,107.47,107.47,106.17,107.13,2782
2019-06-03,106.07,106.41,105.48,105.64,5926
2019-06-04,105.38,106.73,105.38,106.73,543
2019-06-05,107.65,108.33,107.51,107.51,201
2019-06-06,108.47,110.12,108.13,108.23,807
2019-06-07,109.16,111.06,108.63,109.51,572
2019-06-10,109.69,110.42,109.69,110.42,5992
2019-06-11,110.02,110.69,109.76,109.84,5170
2019-06-12,109.35,109.47,109.12,109.47,278
2019-06-13,112.02,112.02,109.9,110.42,4517
2019-06-14,110,110.4,109.69,110.36,4630
2019-06-17,111.02,111.04,110.74,110.84,160
2019-06-18,110.46,112.4,110.46,112.4,324
2019-06-19,112.4,112.4,112.06,112.22,254
2019-06-21,112.18,112.81,111.68,111.68,854
2019-06-24,111.58,111.73,111.3,111.4,513
2019-06-25,111.26,113.03,110.69,110.82,557
2019-06-26,110.58,111.22,110.42,110.72,179
2019-06-27,112.87,112.87,110.1,110.5,4854
2019-06-28,110.67,110.8,110.42,110.56,516
2019-07-01,112.85,112.85,112.06,112.28,915
2019-07-02,112.56,112.56,112.28,112.56,4794
2019-07-03,113.03,113.46,113.03,113.42,1262
2019-07-04,113.72,115.01,113.72,114.03,280
2019-07-05,114.11,114.13,113.75,114.13,295
2019-07-08,114.19,114.33,113.97,114.21,827
2019-07-09,113.79,114.23,113.66,114.23,2297
2019-07-10,114.51,115.02,114.31,114.9,706
2019-07-11,114.84,115.02,114.57,114.94,479
2019-07-12,114.96,115.38,114.96,115.26,426
2019-07-15,115.52,115.6,114.98,115.04,1416
2019-07-16,115.06,115.72,115.06,115.68,1031
2019-07-17,115.66,115.74,115.16,115.16,548
2019-07-18,114.19,114.63,113.89,114.63,1201
2019-07-19,114.78,115.06,114.73,114.77,333
2019-07-22,114.19,114.77,113.81,113.81,509
2019-07-23,114.88,115.26,114.51,115.18,770
2019-07-24,115.96,116.17,115.6,116.14,528
2019-07-25,116.49,116.81,115.8,116.06,525
2019-07-26,116.15,117.05,116.15,117.05,1132
2019-07-29,117.15,117.84,117.15,117.45,992
2019-07-30,117.74,117.76,116.95,116.95,1188
2019-07-31,117.17,117.62,117.17,117.37,1307
2019-08-01,117.13,118.14,116.83,118.14,2442
2019-08-02,116.17,118.14,114.17,114.17,4536
2019-08-05,114.05,114.05,111.41,111.89,1984
2019-08-06,110.79,112.18,110.28,111.75,1594
2019-08-07,112.08,112.94,109.92,111.37,3109
2019-08-08,112.86,113.79,112.42,113.79,800
2019-08-09,114.49,114.49,113.67,113.67,1471
2019-08-12,114.57,114.67,113.1,113.41,1429
2019-08-13,112.72,115.3,112.36,115.22,1167
2019-08-14,114.96,115.06,113.38,113.38,1620
2019-08-16,113.83,114.47,113.47,114.19,1957
2019-08-19,115.68,116.69,115.36,116.63,1297
2019-08-20,116.81,116.99,116,116,431
2019-08-21,115.92,116.06,115.82,116.06,365
2019-08-22,116.15,117.21,116.15,116.31,3535
2019-08-23,117.05,117.15,116.04,117.15,286
2019-08-26,113.87,115.16,113.51,113.85,3080
2019-08-27,114.49,115.22,114.39,115.2,102
2019-08-28,116.65,116.65,114.71,115.68,1433
2019-08-29,116.04,119.13,116.04,117.58,3542
2019-08-30,117.58,118.44,117.58,118.44,600
2019-09-02,119.13,119.13,117.15,117.39,590
2019-09-03,117.33,117.64,116.57,116.57,519
2019-09-04,117.47,117.47,116.71,116.71,1819
2019-09-05,117.74,118.74,117.74,118.7,1472
2019-09-06,118.8,119.13,118.42,118.44,398
2019-09-09,118.78,119.13,118.62,118.62,806
2019-09-10,118.32,118.38,117.64,117.9,396
2019-09-11,117.9,119.29,117.9,119.29,781
2019-09-12,119.29,120.7,119.29,120.25,3005
2019-09-13,119.53,119.91,119.01,119.01,714
2019-09-16,118.74,119.35,118.56,119.33,446
2019-09-17,119.71,120.01,119.19,119.47,1940
2019-09-18,119.49,119.61,119.43,119.51,215
2019-09-19,119.49,120.26,119.43,120.26,361
2019-09-20,119.87,121.73,119.83,121.65,534
2019-09-23,120.98,121.2,120.62,121.12,876
2019-09-24,121.73,121.83,121.12,121.22,589
2019-09-25,120.17,120.62,119.49,120.62,1382
2019-09-26,121.12,121.89,121.12,121.26,1390
2019-09-27,121.6,121.75,121.12,121.18,1739
2019-09-30,120.74,121.24,120.7,121.02,1671
2019-10-01,121.79,122.09,120.72,120.72,1181
2019-10-02,119.79,119.85,114.17,117.03,3861
2019-10-03,117.01,117.13,114.78,115.34,2472
2019-10-04,117.03,120.92,116.08,116.89,2073
2019-10-07,117.68,118.04,117.64,117.88,563
2019-10-08,117.88,117.88,116.15,116.15,3837
2019-10-09,115.88,116.85,115.8,116.43,2639
2019-10-10,116.43,116.99,115.94,116.99,514
2019-10-11,117.29,118.14,117.29,118.14,1506
2019-10-14,119.13,119.13,116.93,117.15,611
2019-10-15,117.96,118.36,117.66,118.36,1260
2019-10-16,118.24,118.46,117.76,118.18,1779
2019-10-17,117.72,117.72,117.29,117.29,349
2019-10-18,117.25,117.29,116.97,117.03,299
2019-10-21,116.77,117.19,116.41,117.03,1460
2019-10-22,117.72,117.72,117.15,117.35,400
2019-10-23,116.95,117.15,116.63,116.95,1609
2019-10-24,117.43,117.68,117.23,117.58,242
2019-10-25,117.58,118.38,117.29,118.38,3851
2019-10-28,118.64,119.13,118.52,118.76,517
2019-10-29,119.07,119.07,118.64,118.76,1994
2019-10-30,118.32,118.7,118.14,118.18,712
2019-10-31,118.36,118.54,117.58,117.66,1553
2019-11-04,118.54,119.75,118.54,119.73,767
2019-11-05,120.09,120.56,120.03,120.36,1770
2019-11-06,120.36,120.36,120.13,120.13,476
2019-11-07,120.84,121.22,120.64,121.12,1238
2019-11-08,120.92,121.3,120.64,121.12,904
2019-11-12,121.62,122.11,121.62,122.11,1364
2019-11-13,122.21,122.33,121.52,122.33,792
2019-11-14,122.69,122.91,122.51,122.51,560
2019-11-15,123.06,123.06,122.23,122.23,826
2019-11-18,122.83,123.44,122.83,122.95,1029
2019-11-19,123.36,123.6,122.91,122.91,1547
2019-11-20,122.77,123.08,122.69,122.69,679
2019-11-21,122.51,123.6,122.21,122.43,482
2019-11-22,122.69,123.3,122.69,123.12,438
2019-11-25,123.72,125.35,123.72,125.35,405
2019-11-26,125.69,125.69,124.2,124.55,748
2019-11-27,125.51,125.69,125.43,125.43,1000
2019-11-28,125.37,126.08,125.35,126,885
2019-11-29,129.97,129.97,125.47,125.47,780
2019-12-02,125.61,125.86,122.55,122.75,2114
2019-12-03,122.75,123.02,120.7,120.98,1691
2019-12-04,121.52,122.57,121.44,122.57,2281
2019-12-05,122.67,122.79,121.77,122.21,1528
2019-12-06,122.51,124.22,122.21,124.22,1265
2019-12-09,124.02,124.2,123.64,124.2,5741
2019-12-10,123.7,123.74,122.93,123.7,1257
2019-12-11,123.88,123.88,123.24,123.64,1954
2019-12-12,123.48,124.54,123,124.54,3021
2019-12-13,129.98,129.98,123.4,123.7,4614
2019-12-16,124.46,124.5,124,124.5,9823
2019-12-17,124.56,124.56,124.04,124.4,1048
2019-12-18,124.58,125.12,124.32,125.12,979
2019-12-19,124.9,125,124.5,124.74,1621
2019-12-20,126.4,126.4,125,126.14,865
2019-12-23,126.26,126.8,126.02,126.56,1836
2019-12-27,127.98,127.98,126,126.32,2165
2019-12-30,126,126.08,124.86,124.86,4744
2020-01-02,125.52,126.16,125.52,125.54,2547
2020-01-03,125.34,125.78,125,125.46,3346
2020-01-07,125.58,125.86,125.46,125.7,3127
2020-01-08,125.6,126.42,125.26,126.2,3223
2020-01-09,126.9,127.8,126.9,127.8,2306
2020-01-10,128.14,128.48,127.62,127.62,1441
2020-01-13,127.22,127.64,127.2,127.28,1954
2020-01-14,127.4,127.7,126.84,127.3,2349
2020-01-15,127.34,127.44,126.86,127.44,1040
2020-01-16,127.94,128.44,127.72,128.24,718
2020-01-17,128.7,129.84,128.7,129.84,2563
2020-01-20,129.74,129.92,129.4,129.92,2386
2020-01-21,129.48,129.48,129.08,129.24,1018
2020-01-22,130,130.28,129.66,130.28,965
2020-01-23,129.7,129.98,129.24,129.92,3303
2020-01-24,130.44,131.48,130.3,130.7,2349
2020-01-27,129.4,129.4,128,128.8,2760
2020-01-28,128.9,129.96,128.58,129.96,2465
2020-01-29,130.24,130.9,130,130.56,977
2020-01-30,128.98,129.66,128.8,129.2,1167
2020-01-31,130.58,130.72,128.58,128.58,2834
2020-02-03,128.64,130,128.02,129.5,5294
2020-02-04,130.06,130.5,129.74,130.48,4111
2020-02-05,130.34,131.66,129.94,131,6316
2020-02-06,132,132.5,131.9,132.12,2542
2020-02-07,132.44,132.94,132.38,132.68,1395
2020-02-10,135,135,132.08,133.4,2340
2020-02-11,134.34,134.38,133.74,134.3,2780
2020-02-12,134.14,134.54,134,134.42,2154
2020-02-13,134.7,135,134,135,4921
2020-02-14,135.4,135.7,134.96,135.16,2466
2020-02-17,135.78,136.32,135.5,136.3,2840
2020-02-18,138,139,135.6,135.98,2756
2020-02-19,136.52,137.18,136.08,137.18,2256
2020-02-20,137.24,137.38,136.5,137.24,2110
2020-02-21,136.1,136.38,134.88,134.88,3508
2020-02-24,133.5,133.5,130.86,131.4,10826
2020-02-25,130,131.94,128,129.78,6801
2020-02-26,128,129,124.9,128.6,13704
2020-02-27,128.6,128.6,121.1,122.8,10344
2020-02-28,118.08,118.94,115.1,116.62,21809
2020-03-02,115.7,120.22,115.52,119.02,15267
2020-03-03,122.12,124,121.14,122.4,15329
2020-03-04,119.98,121.5,119.06,120.5,5572
2020-03-05,124,125,119.5,120.52,8482
2020-03-06,117.48,117.82,112.92,115.54,8220
2020-03-09,110,110,102,108.38,10183
2020-03-10,109.86,112.66,106.7,107.06,9830
2020-03-11,109.6,111,107.4,108.28,9636
2020-03-12,102.94,104.22,99.5,101.42,11981
2020-03-13,98.12,107,98.1,100,8176
2020-03-16,104,105,96,99.88,13201
2020-03-17,99.88,103.9,98.91,103.6,6749
2020-03-18,103.6,103.86,100,102,2601
2020-03-19,103.78,108.8,100.86,108.8,5177
2020-03-20,111.9,112,103.54,104.54,8633
2020-03-23,100.98,102.12,96.08,98.39,8656
2020-03-24,100.8,105.5,100.5,104.98,5693
2020-03-25,108,109.04,104,108,4590
2020-03-26,105.54,110.5,104.1,110.38,7548
2020-03-27,108.6,109.28,106.2,106.2,4456
2020-03-30,106,109.36,100,109.2,5490
2020-03-31,111.92,112.9,110,111.04,5436
2020-04-01,107.4,108.6,106.4,107.5,2745
2020-04-02,107.86,108.6,105.34,108.6,3069
2020-04-03,108.56,109.9,108.12,109.04,2901
2020-04-06,112,113.38,111.5,113,3490
2020-04-07,115.18,117.76,115,115.58,14366
2020-04-08,114,117.32,113,115.66,5569
2020-04-09,117.66,119.66,116.78,119.1,5649
2020-04-14,120.1,120.8,119.1,120.1,14286
